_id,smiles,class,MOLECULEID,rdmol,mfp.bits[0],mfp.bits[1],mfp.bits[2],mfp.bits[3],mfp.bits[4],mfp.bits[5],mfp.bits[6],mfp.bits[7],mfp.bits[8],mfp.bits[9],mfp.bits[10],mfp.bits[11],mfp.bits[12],mfp.bits[13],mfp.bits[14],mfp.bits[15],mfp.bits[16],mfp.bits[17],mfp.bits[18],mfp.bits[19],mfp.bits[20],mfp.bits[21],mfp.bits[22],mfp.bits[23],mfp.bits[24],mfp.bits[25],mfp.bits[26],mfp.bits[27],mfp.bits[28],mfp.bits[29],mfp.bits[30],mfp.bits[31],mfp.bits[32],mfp.bits[33],mfp.bits[34],mfp.bits[35],mfp.bits[36],mfp.bits[37],mfp.bits[38],mfp.bits[39],mfp.bits[40],mfp.bits[41],mfp.bits[42],mfp.bits[43],mfp.bits[44],mfp.bits[45],mfp.bits[46],mfp.bits[47],mfp.bits[48],mfp.bits[49],mfp.bits[50],mfp.bits[51],mfp.bits[52],mfp.bits[53],mfp.bits[54],mfp.bits[55],mfp.bits[56],mfp.bits[57],mfp.bits[58],mfp.bits[59],mfp.bits[60],mfp.bits[61],mfp.bits[62],mfp.bits[63],mfp.bits[64],mfp.bits[65],mfp.bits[66],mfp.bits[67],mfp.bits[68],mfp.bits[69],mfp.bits[70],mfp.bits[71],mfp.bits[72],mfp.bits[73],mfp.bits[74],mfp.bits[75],mfp.bits[76],mfp.bits[77],mfp.bits[78],mfp.bits[79],mfp.bits[80],mfp.bits[81],mfp.count
1,Nc1nc2c(ncn2C2OC(CO)C(O)C2O)c(=O)[nH]1,Inactive,M18965,776t3gAAAAALAAAAAAAAAAAAAAAUAAAAFgAAAIABCABgAAAAAQEGAGAAAAACAgYAYAAAAAMBCAAgAAAAAgYAYAAAAAMBB0AoAAAAAwMGQGgAAAADAwEHQCgAAAADAwZAKAAAAAMEBkAoAAAAAwQHQCgAAAADAwZAKAAAAAMEBwBoAAAAAwECB0A4AAAAAwEDBkAoAAAAAwQIACgAAAADAgYAYAAAAAMBCABgAAAAAQEGAGAAAAADAQgAYAAAAAEBCwABAAECAAIDAAMEAAQFAAUGaAwGB2gMBwhoDAgJaAwFCWgMCQpoDAoLaAwLDCALDWgMDQ5oDAgOaAwODygCBBAAEBEAEBIAAhIAEhMAFAMFAgMEEBIFBgUJCAcGCgsNDggJFwEAAAAAAAAAABRKDDK/GCZfQAAAAACq8RK+EOk3QAAAAAAW+8u+LbIFQAAAAADpJrE9/fa1PwAAAAAW+8u+swxBPwAAAACq8RK+I9v5vAAAAADT3iC/k6kyvwAAAACq8RK+bcWuvwAAAAAhHyQ/liGOvwAAAAAhHyQ/8x+SvgAAAABNhK0/gSYCPgAAAACFfARA8x+SvgAAAAA/NTJAgSYCPgAAAACFfARAliGOvwAAAABNhK0/Y+7CvwAAAABNhK0//kMWwAAAAADSb5e/MCqBPwAAAAAv3ey/aysGPwAAAADSb5e/ysPqPwAAAAAv3ey/f2oUQAAAAAAW,71,75,80,90,128,147,152,194,210,222,233,314,334,345,356,378,428,433,454,463,492,508,519,577,610,633,650,656,672,697,700,721,740,750,774,807,820,831,849,897,932,935,1019,,,,,,,,,,,,,,,,,,,,,,,,,,,,,,,,,,,,,,,,43
2.0,Cc1cn(-c2cc(NC(=O)c3ccc(C)c(Nc4nccc(-c5cccnc5)n4)c3)cc(C(F)(F)F)c2)cn1,Inactive,M413388,776t3gAAAAALAAAAAAAAAAAAAAAnAAAAKwAAAIABBwBoAAAAAwIBBgAoAAAAAwQIACgAAAADAgZAKAAAAAMEBkBoAAAAAwMBBkBoAAAAAwMBBkAoAAAAAwQGQCgAAAADBAcAaAAAAAMCAQZAKAAAAAMEB0AoAAAAAwMGQGgAAAADAwEGQGgAAAADAwEGQCgAAAADBAdAKAAAAAMDBkAoAAAAAwQGQGgAAAADAwEHQCgAAAADAwZAaAAAAAMDAQZAaAAAAAMDAQZAaAAAAAMDAQZAaAAAAAMDAQYAYAAAAAEDBkAoAAAAAwQGQGgAAAADAwEGQCgAAAADBAZAaAAAAAMDAQZAKAAAAAMEBkBoAAAAAwMBBgAgAAAABAkAIAAAAAEJACAAAAABCQAgAAAAAQdAKAAAAAMDBkBoAAAAAwMBB0AoAAAAAwMGQCgAAAADBAZAaAAAAAMDAQYAYAAAAAEDCwABIAECKAIBAyADBGgMBAVoDAUGaAwGB2gMBwggCAkgCQpoDAoLaAwLDGgMDA1oDA0OaAwJDmgMDQ8gDxBoDBARaAwREmgMEhNoDBMUaAwPFGgMBxVoDAMVaAwGFgAAFyAXGGgMGBloDBkaaAwaG2gMGxxoDBccaAwbHQAdHgAdHwAdIAAZISAhImgMIiNoDCMkaAwkJWgMISVoDCQmABQFBgQFBgcVAwYKCwwNDgkGEBESExQPBhgZGhscFwUiISUkIxcBAAAAAAAAAAAniIXaPYV8mEAAAAAAiIXaPeviskAAAAAAyJgbvx4WwEAAAAAAKjpSPx4WwEAAAAAAKjpSP4V82kAAAAAAio7EP7iv50AAAAAAowEQQIV82kAAAAAAowEQQB4WwEAAAAAAArw9QOviskAAAAAAYHZrQB4WwEAAAAAAYHZrQIV82kAAAAAAjZeMQLiv50AAAAAAvHSjQIV82kAAAAAAvHSjQB4WwEAAAAAAjZeMQOviskAAAAAA7FG6QOviskAAAAAASS7RQB4WwEAAAAAAeAvoQOviskAAAAAAeAvoQIV8mEAAAAAASS7RQFJJi0AAAAAA7FG6QIV8mEAAAAAAio7EP+viskAAAAAAArw9QLiv50AAAAAAyJgbv1JJi0AAAAAAyJgbv9bFYUAAAAAA2T2pv3BfR0AAAAAAS1kCwNbFYUAAAAAAS1kCwFJJi0AAAAAA2T2pv4V8mEAAAAAAqRMwwIV8mEAAAAAAZMxdwLivpUAAAAAAQ60VwLRZr0AAAAAAEHpKwFafgUAAAAAA2T2pv6OSEkAAAAAA+aAnvxIU5z8AAAAAGeJovwWjgj8AAAAApgrevwWjgj8AAAAAfa7+vxIU5z8AAAAAkQ8OwKHWtD4AAAAAFg==,19,33,61,64,84,90,114,128,134,136,191,193,200,219,236,257,293,356,361,367,378,393,399,428,429,437,443,458,464,486,491,510,511,526,539,555,558,562,570,571,579,595,650,658,667,673,698,707,726,736,771,787,792,795,801,807,809,831,842,849,875,893,904,932,935,954,980,990,1012,,,,,,,,,,,,,,69
3.0,O=C(O)CC(O)CC(O)C=Cc1c(C2CC2)nc2ccccc2c1-c1ccc(F)cc1,Inactive,M3412451,776t3gAAAAALAAAAAAAAAAAAAAAfAAAAIgAAAIABCABoAAAAAwEBBgAoAAAAAwQIACgAAAADAgYAYAAAAAICBgBgAAAAAwEIAGAAAAABAQYAYAAAAAICBgBgAAAAAwEIAGAAAAABAQYAaAAAAAMDAQYAaAAAAAMDAQZAKAAAAAMEBkAoAAAAAwQHQCgAAAADAwZAKAAAAAMEBkBoAAAAAwMBBkBoAAAAAwMBBkBoAAAAAwMBBkBoAAAAAwMBBkAoAAAAAwQGQCgAAAADBAZAKAAAAAMEBkBoAAAAAwMBBkBoAAAAAwMBBkAoAAAAAwQJACAAAAABBkBoAAAAAwMBBkBoAAAAAwMBBgBgAAAAAwEGAGAAAAACAgYAYAAAAAICCwABIAECKAIBAwADBAAEBQAEBgAGBwAHCAAHCQAJCi4CBQEACgsgCwxoDAwNaAwNDmgMDg9oDA8QaAwQEWgMERJoDBITaAwOE2gMExRoDAsUaAwUFSAVFmgMFhdoDBcYaAwYGQAYGmgMGhtoDBUbaAwMHAAcHQAdHgAcHgAUBAYLFBMODQwGDxAREhMOBhYXGBobFQMdHB4XAQAAAAAAAAAAH3ctiUBmZp7AAAAAAKYKoECamavAAAAAAKYKoEAAAMbAAAAAANXntkBmZp7AAAAAADPEzUCamavAAAAAADPEzUAAAMbAAAAAAGKh5EBmZp7AAAAAAJF++0CamavAAAAAAJF++0AAAMbAAAAAAOAtCUFmZp7AAAAAAA+cFEGamavAAAAAAKYKIEFmZp7AAAAAAKYKIEEAAITAAAAAAD55K0GamW3AAAAAAG3nNkEAAITAAAAAAARWQkGamW3AAAAAAJzETUEAAITAAAAAAJzETUFmZp7AAAAAAARWQkGamavAAAAAAG3nNkFmZp7AAAAAAD55K0GamavAAAAAAD55K0EAAMbAAAAAAG3nNkEzM9PAAAAAAG3nNkGame3AAAAAAD55K0HNzPrAAAAAAD55K0GamQrBAAAAAKYKIEGame3AAAAAAKYKIEEzM9PAAAAAAA+cFEGamW3AAAAAANxoB0GamW3AAAAAAHUCDkE73z/AAAAAABY=,1,25,64,73,80,90,105,117,136,169,175,227,265,266,289,301,333,350,356,378,380,386,389,436,439,462,521,540,549,561,600,612,624,646,650,677,680,694,699,713,718,723,726,807,831,835,849,893,896,904,926,965,976,1014,1019,,,,,,,,,,,,,,,,,,,,,,,,,,,,55
4.0,O=C1CC(O)CC(C=Cc2c(C3CC3)nc3ccccc3c2-c2ccc(F)cc2)O1,Inactive,M97340488,776t3gAAAAALAAAAAAAAAAAAAAAeAAAAIgAAAIABCABgAAAAAQEGAGAAAAADAQYAYAAAAAICBgAoAAAAAwQIACgAAAADAggAKAAAAAMCBgBgAAAAAwEGAGgAAAADAwEGAGgAAAADAwEGQCgAAAADBAZAKAAAAAMEB0AoAAAAAwMGQCgAAAADBAZAaAAAAAMDAQZAaAAAAAMDAQZAaAAAAAMDAQZAaAAAAAMDAQZAKAAAAAMEBkAoAAAAAwQGQCgAAAADBAZAaAAAAAMDAQZAaAAAAAMDAQZAKAAAAAMECQAgAAAAAQZAaAAAAAMDAQZAaAAAAAMDAQYAYAAAAAMBBgBgAAAAAgIGAGAAAAACAgYAYAAAAAICCwABAAECAAIDAAMEKAIDBSAFBgAGBwAHCC4CBQEACAkgCQpoDAoLaAwLDGgMDA1oDA0OaAwOD2gMDxBoDBARaAwMEWgMERJoDAkSaAwSEyATFGgMFBVoDBUWaAwWFwAWGGgMGBloDBMZaAwKGgAaGwAbHAAaHAAGHQABHQAUBQYBHQYFAwIGCwwREgkKBg0ODxARDAYUFRYYGRMDGxocFwEAAAAAAAAAAB53LQnAmpltwAAAAAB3LQnAzcw4wAAAAADV5zbAZmYewAAAAADV5zbAMzPTvwAAAAA0omTAZmaevwAAAAB3LQnAZmaevwAAAAAy5ra/MzPTvwAAAAB56Ta/ZmaevwAAAAAAAAAAMzPTvwAAAAB56TY/ZmaevwAAAAB56TY/MzPTvgAAAAAy5rY/AAAAAAAAAAB3LQlAMzPTvgAAAADV5zZAAAAAAAAAAAA0omRAMzPTvgAAAAA0omRAZmaevwAAAADV5zZAMzPTvwAAAAB3LQlAZmaevwAAAAAy5rY/MzPTvwAAAAAy5rY/ZmYewAAAAAB3LQlAzcw4wAAAAAB3LQlAmpltwAAAAAAy5rY/AACEwAAAAAAy5rY/ZmaewAAAAAB56TY/mpltwAAAAAB56TY/zcw4wAAAAAAAAAAAAAAAAAAAAAAzM1O/AAAAAAAAAAAzM9O+eek2PwAAAAAy5ra/ZmYewAAAAAAW,64,73,80,90,105,136,175,204,231,233,245,265,268,277,289,301,314,333,350,356,378,380,386,389,436,437,439,462,521,549,590,591,624,646,650,656,694,699,718,723,726,750,770,807,831,835,849,882,896,904,926,970,976,1019,,,,,,,,,,,,,,,,,,,,,,,,,,,,,54
5.0,Cc1nnc(C(=O)NC(C)(C)c2nc(C(=O)NCc3ccc(F)cc3)c(O)c(=O)n2C)o1,Inactive,M409346,776t3gAAAAALAAAAAAAAAAAAAAAgAAAAIgAAAIABCABoAAAAAwEBBkAoAAAAAwQGQCgAAAADBAdAKAAAAAMDBkAoAAAAAwQHQCgAAAADAwZAKAAAAAMECAAoAAAAAwIGAGAAAAABAwYAIAAAAAQHAGgAAAADAgEGACgAAAADBAgAKAAAAAMCBkAoAAAAAwQHQCgAAAADAwdAKAAAAAMDBkAoAAAAAwQIQCgAAAADAgYAYAAAAAEDBgBgAAAAAQMGAGAAAAABAwYAKAAAAAMECAAoAAAAAwIHAGgAAAADAgEGAGAAAAACAgZAKAAAAAMEBkBoAAAAAwMBBkBoAAAAAwMBBkAoAAAAAwQJACAAAAABBkBoAAAAAwMBBkBoAAAAAwMBCwABIAECaAwCA2gMAwRoDAQFaAwFBmgMAQZoDAYHKAIFCAAECQAJCgAKCyALDCgCCw0gDQ5oDA4PaAwPEGgMEBFoDA0RaAwQEgAJEwAJFAACFSAVFigCFRcgFxgAGBkAGRpoDBobaAwbHGgMHB0AHB5oDB4faAwZH2gMFAMGAQYFBAMCBQ4NERAPBhobHB4fGRcBAAAAAAAAAAAgdy0JwDMz074AAAAAdy0JwGZmnr8AAAAAMua2vzMz078AAAAAMua2v2ZmHsAAAAAAdy0JwM3MOMAAAAAA1ec2wGZmHsAAAAAA1ec2wDMz078AAAAANKJkwGZmnr8AAAAANKJkwM3MOMAAAAAAdy0JwJqZbcAAAAAAdy0JwDMzkcAAAAAA1ec2wGZmnsAAAAAANKJkwDMzkcAAAAAA1ec2wM3MuMAAAAAAgy8MwBpRyMAAAAAAb4EcwIts4cAAAAAAPE5RwIts4cAAAAAAhJ5hwBpRyMAAAAAA1lZwwLTI9sAAAAAAVcGov5qZbcAAAAAARPo9wJqZbcAAAAAAeek2v2Zmnr8AAAAAeek2vzMz074AAAAAAAAAADMz078AAAAAeek2P2Zmnr8AAAAAeek2PzMz074AAAAAAAAAAAAAAIAAAAAAAAAAADMzUz8AAAAAeek2P2Zmnj8AAAAAeek2PwAABEAAAAAAMua2PzMzUz8AAAAAMua2PwAAAIAAAAAAFg==,26,33,80,90,114,121,128,140,163,197,202,245,246,255,256,279,310,314,351,354,356,378,380,386,392,419,486,490,495,504,534,549,564,578,580,598,638,646,649,650,656,698,699,709,726,730,743,758,807,813,831,841,849,893,904,928,935,,,,,,,,,,,,,,,,,,,,,,,,,,57
6.0,CC(C)c1nc(N(C)S(C)(=O)=O)nc(-c2ccc(F)cc2)c1C=CC(O)CC(O)CC(=O)O,Inactive,M1497403,776t3gAAAAALAAAAAAAAAAAAAAAhAAAAIgAAAIABCABoAAAAAwEBBgAoAAAAAwQIACgAAAADAgYAYAAAAAICBgBgAAAAAwEIAGAAAAABAQYAYAAAAAICBgBgAAAAAwEIAGAAAAABAQYAaAAAAAMDAQYAaAAAAAMDAQZAKAAAAAMEBkAoAAAAAwQHQCgAAAADAwZAKAAAAAMEB0AoAAAAAwMGQCgAAAADBAYAYAAAAAMBBgBgAAAAAQMGAGAAAAABAwcAKAAAAAMDBgBgAAAAAQMQACAAAAAGCAAoAAAAAwIIACgAAAADAgYAYAAAAAEDBkAoAAAAAwQGQGgAAAADAwEGQGgAAAADAwEGQCgAAAADBAkAIAAAAAEGQGgAAAADAwEGQGgAAAADAwELAAEgAQIoAgEDAAMEAAQFAAQGAAYHAAcIAAcJAAkKLgIFAQAKCyALDGgMDA1oDA0OaAwOD2gMDxBoDAsQaAwQEQAREgAREwAOFCAUFQAUFgAWFwgCFhgIAhYZAAwaIBobaAwbHGgMHB1oDB0eAB0faAwfIGgMGiBoDBQCBgsQDw4NDAYbHB0fIBoXAQAAAAAAAAAAIdXntsAzM9O/AAAAAKYKoMBmZp6/AAAAAKYKoMAzM9O+AAAAAHcticAzM9O/AAAAADSiZMBmZp6/AAAAADSiZMAzM9O+AAAAANXnNsAzM9O/AAAAAHctCcBmZp6/AAAAAHctCcAzM9O+AAAAADLmtr8zM9O/AAAAAHnpNr9mZp6/AAAAAAAAAAAzM9O/AAAAAHnpNj9mZp6/AAAAADLmtj8zM9O/AAAAADLmtj9mZh7AAAAAAHnpNj/NzDjAAAAAAAAAAABmZh7AAAAAAHnpNr/NzDjAAAAAADLmtr9mZh7AAAAAAHnpNr+amW3AAAAAAHctCUDNzDjAAAAAAHctCUCamW3AAAAAANXnNkBmZh7AAAAAADSiZEAAAATAAAAAADxOUUDFIEzAAAAAAG+BHEAQWOG/AAAAAHnpNj8zM9O+AAAAAAAAAAAAAACAAAAAAAAAAAAzM1M/AAAAAHnpNj9mZp4/AAAAAHnpNj8AAARAAAAAADLmtj8zM1M/AAAAADLmtj8AAACAAAAAABY=,1,25,33,56,80,81,90,117,136,139,169,227,232,237,255,266,283,285,323,350,356,378,386,387,389,438,452,471,540,554,561,582,598,600,612,646,650,677,680,692,694,699,713,726,752,786,807,831,835,849,881,893,896,902,904,965,1014,,,,,,,,,,,,,,,,,,,,,,,,,,57
7.0,CC(C)(C)NC(=O)C1CC2CCCCC2CN1CC(O)C(Cc1ccccc1)NC(=O)C(CC(N)=O)NC(=O)c1ccc2ccccc2n1,Inactive,M9471,776t3gAAAAALAAAAAAAAAAAAAAAxAAAANQAAAIABCABgAAAAAQEGAGAAAAADAQYAYAAAAAICBwAgAAAAAwYAYAAAAAICBgBgAAAAAwEGAGAAAAACAgYAYAAAAAICBgBgAAAAAgIGAGAAAAACAgYAYAAAAAMBBgBgAAAAAgIGAGAAAAADAQYAKAAAAAMECAAoAAAAAwIHAGgAAAADAgEGACAAAAAEBgBgAAAAAQMGAGAAAAABAwYAYAAAAAEDBgBgAAAAAwEHAGgAAAADAgEGACgAAAADBAgAKAAAAAMCBgBgAAAAAwEHAGgAAAADAgEGACgAAAADBAgAKAAAAAMCBkAoAAAAAwQHQCgAAAADAwZAKAAAAAMEBkBoAAAAAwMBBkBoAAAAAwMBBkBoAAAAAwMBBkBoAAAAAwMBBkAoAAAAAwQGQGgAAAADAwEGQGgAAAADAwEGAGAAAAACAgYAKAAAAAMECAAoAAAAAwIHAGgAAAADAQIGAGAAAAACAgZAKAAAAAMEBkBoAAAAAwMBBkBoAAAAAwMBBkBoAAAAAwMBBkBoAAAAAwMBBkBoAAAAAwMBCwABAAECAAIDAAMEAAQFAAUGAAYHAAcIAAgJAAkKAAUKAAoLAAsMAAMMAAwNAA0OKAINDyAPEAAQEQAQEgAQEwABFAAUFQAVFiAWFygCFhgAGBkAGRogGhsoAhocIBwdaAwdHmgMHh9oDB8gaAwgIWgMISJoDCIjaAweI2gMIyRoDCQlaAwcJWgMGCYAJicAJygoAicpIBQqACorACssaAwsLWgMLS5oDC4vaAwvMGgMKzBoDBQFBgQFCgsMAwYGBwgJCgUGHR4jJCUcBh8gISIjHgYsLS4vMCsXAQAAAAAAAAAAMZoIf0DRIq/AAAAAADSiZEAAAMbAAAAAAGfVL0AAAMbAAAAAAABvFUDRIq/AAAAAAGdEwT/RIq/AAAAAAJp3jD90RpjAAAAAAAN4iz50RpjAAAAAAGB2D75EaYHAAAAAAAN4iz4rGFXAAAAAAJp3jD8rGFXAAAAAAGdEwT9EaYHAAAAAAABvFUBEaYHAAAAAAGfVL0B0RpjAAAAAADSiZEB0RpjAAAAAAJhuikDeAqPAAAAAAJoIf0BEaYHAAAAAALPqmUBEaYHAAAAAALPqmUCrz5vAAAAAALPqmUC8BU7AAAAAABpRtEBEaYHAAAAAAJoIf0Av3dzAAAAAALPqmUAv3dzAAAAAAOcdp0CMufPAAAAAALPqmUBeSwXBAAAAAE2EwUCMufPAAAAAAIC3zkBeSwXBAAAAAOcd6UBeSwXBAAAAABpR9kCMufPAAAAAABpR9kD1uRDBAAAAAMBbCEH1uRDBAAAAAFr1DkGNKBzBAAAAAI0oHEGNKBzBAAAAACfCIkG8lifBAAAAAI0oHEFTBTPBAAAAAFr1DkFTBTPBAAAAAMBbCEG8lifBAAAAABpR9kC8lifBAAAAAOcd6UCNKBzBAAAAAIC3zkAv3dzAAAAAAE2EwUAAAMbAAAAAAOcdp0AAAMbAAAAAAIC3zkDRIq/AAAAAADSiZECMufPAAAAAAGfVL0CMufPAAAAAAABvFUBeSwXBAAAAAGdEwT9eSwXBAAAAAJp3jD+MufPAAAAAAGdEwT8v3dzAAAAAAABvFUAv3dzAAAAAABY=,1,4,33,42,50,63,64,73,79,80,86,104,114,117,128,140,147,154,159,163,175,179,203,227,263,266,268,276,289,301,306,354,356,375,376,378,389,392,411,447,476,486,531,539,573,585,587,603,612,636,650,658,689,726,730,736,739,747,807,831,837,847,849,855,857,874,876,888,890,893,898,926,927,935,953,998,1019,,,,,,77
8.0,CNC(=O)c1cc(Oc2ccc(NC(=O)Nc3ccc(Cl)c(C(F)(F)F)c3)cc2)ccn1,Inactive,M110015,776t3gAAAAALAAAAAAAAAAAAAAAgAAAAIgAAAIABBwBoAAAAAwIBBgAoAAAAAwQIACgAAAADAgcAaAAAAAMCAQZAKAAAAAMEBkBoAAAAAwMBBkBoAAAAAwMBBkAoAAAAAwQRACAAAAABBkAoAAAAAwQGQGgAAAADAwEGACAAAAAECQAgAAAAAQkAIAAAAAEJACAAAAABBkAoAAAAAwQGQGgAAAADAwEGQGgAAAADAwEGQCgAAAADBAgAKAAAAAMCBkAoAAAAAwQGQGgAAAADAwEGQGgAAAADAwEHQCgAAAADAwZAKAAAAAMEBkBoAAAAAwMBBgAoAAAAAwQIACgAAAADAgcAaAAAAAMCAQYAYAAAAAEDBkBoAAAAAwMBBkBoAAAAAwMBCwABIAECKAIBAyADBCAEBWgMBQZoDAYHaAwHCAAHCWgMCQpoDAQKaAwJCwALDAALDQALDgAADyAPEGgMEBFoDBESaAwSEyATFCAUFWgMFRZoDBYXaAwXGGgMGBloDBQZaAwYGiAaGygCGhwgHB0AEh5oDB4faAwPH2gMFAMGBQYHCQoEBhAREh4fDwYVFhcYGRQXAQAAAAAAAAAAIHctCcDNzDjAAAAAAHctCcCamW3AAAAAADLmtr8AAITAAAAAANXnNsAAAITAAAAAANXnNsBmZp7AAAAAAHctCcCamavAAAAAAHctCcAAAMbAAAAAANXnNsAzM9PAAAAAANXnNsCame3AAAAAADSiZMAAAMbAAAAAADSiZMCamavAAAAAAHcticAzM9PAAAAAAKYKoMBmZuDAAAAAAKpglsAEVrzAAAAAAIj0d8BiEOrAAAAAADLmtr9mZh7AAAAAADLmtr8zM9O/AAAAAHnpNr9mZp6/AAAAAAAAAAAzM9O/AAAAAHnpNj9mZp6/AAAAAHnpNj8zM9O+AAAAAAAAAAAAAACAAAAAAAAAAAAzM1M/AAAAAHnpNj9mZp4/AAAAADLmtj8zM1M/AAAAADLmtj8AAACAAAAAAHctCUBmZp4/AAAAAHctCUAAAARAAAAAANXnNkAzM1M/AAAAADSiZEBmZp4/AAAAAAAAAABmZh7AAAAAAHnpNr/NzDjAAAAAABY=,9,33,53,56,114,128,153,184,191,193,228,262,322,345,346,356,366,378,406,419,428,429,445,486,552,561,593,619,645,650,659,666,682,695,718,726,787,792,807,809,842,843,849,855,875,893,904,930,965,966,1019,,,,,,,,,,,,,,,,,,,,,,,,,,,,,,,,51
9.0,CCN(CC)CCNC(=O)c1c(C)[nH]c(C=C2C(=O)Nc3ccc(F)cc32)c1C,Inactive,M668046,776t3gAAAAALAAAAAAAAAAAAAAAdAAAAHwAAAIABBwBoAAAAAwIBBgAoAAAAAwQIACgAAAADAgZAKAAAAAMEBkAoAAAAAwQHQDgAAAADAQMGQCgAAAADBAYAaAAAAAMDAQYAKAAAAAMEBgAoAAAAAwQIACgAAAADAgcAaAAAAAMCAQZAKAAAAAMEBkBoAAAAAwMBBkBoAAAAAwMBBkAoAAAAAwQJACAAAAABBkBoAAAAAwMBBkAoAAAAAwQGQCgAAAADBAYAYAAAAAEDBgBgAAAAAQMGAGAAAAACAgYAYAAAAAICBwAgAAAAAwYAYAAAAAICBgBgAAAAAQMGAGAAAAACAgYAYAAAAAEDCwABIAECKAIBAyADBGgMBAVoDAUGaAwGByAHCC4CBQEACAkgCQooAgkLIAsMIAwNaAwNDmgMDg9oDA8QAA8RaAwREmgMCBIgDBJoDAYTaAwDE2gMExQABBUAABYAFhcAFxgAGBkAGRoAGBsAGxwAFAMFAwQFBhMFCQgSDAsGDQ4PERIMFwEAAAAAAAAAAB3ZzrNANIAnwAAAAACmm6ZArIvzvwAAAADZzrNA8BaYvwAAAAA/NYxArIvzvwAAAADlYXlAKH4kwAAAAABfKUdAPSwUwAAAAABfKUdA4L6+vwAAAACwchxArK2AvwAAAAAibNg/nKKrvwAAAABseMI/jnUJwAAAAAAukARAlrIwwAAAAACP5DI/f/sOwAAAAAB1Aro+v329vwAAAAC+wde+6NmcvwAAAABLyBe/okXWvgAAAAB4eqU8cM4IPgAAAABj7hq+nMRwPwAAAABfB04/kKD4vQAAAABa9Xk/n6ttvwAAAADlYXlATx6evwAAAAAX2YRAJ8LmvgAAAAAX2YRAC7VWwAAAAAA/Nc5ANIAnwAAAAABzaNtAkzpVwAAAAADZzvVAkzpVwAAAAAAGgQFBp3mBwAAAAAA5tA5Bp3mBwAAAAAAGgQFBNIAnwAAAAAA5tA5BNIAnwAAAAAAW,8,33,36,74,80,90,96,107,128,142,197,251,252,253,281,290,294,314,352,356,386,388,463,466,486,527,571,586,590,620,624,633,646,650,667,692,694,698,699,721,726,753,807,840,849,875,881,893,904,927,932,957,958,966,1004,,,,,,,,,,,,,,,,,,,,,,,,,,,,55
10.0,Cn1c(=O)c2c(ncn2CCCNCC(O)c2cc(O)cc(O)c2)n(C)c1=O,Inactive,M12634,776t3gAAAAALAAAAAAAAAAAAAAAcAAAAHgAAAIABCABoAAAAAwEBBkAoAAAAAwQGQGgAAAADAwEGQCgAAAADBAgAaAAAAAMBAQZAaAAAAAMDAQZAKAAAAAMEBkBoAAAAAwMBBgBgAAAAAwEIAGAAAAABAQYAYAAAAAICBwBgAAAAAgEGAGAAAAACAgYAYAAAAAICBgBgAAAAAgIHQCgAAAADAwZAaAAAAAMDAQdAKAAAAAMDBkAoAAAAAwQHQCgAAAADAwZAKAAAAAMECAAoAAAAAwIHQCgAAAADAwZAKAAAAAMECAAoAAAAAwIGQCgAAAADBAYAYAAAAAEDBgBgAAAAAQMLAAEgAQJoDAIDaAwDBCADBWgMBQZoDAYHaAwBB2gMBggACAkACAoACgsACwwADA0ADQ4ADg8ADxBoDBARaAwREmgMEhNoDBMUaAwUFSgCFBZoDBYXaAwXGCgCFxloDA8ZaAwSGWgMFhoAExsAFAMGAQcGBQMCBRAPGRIRBhMUFhcZEhcBAAAAAAAAAAAcQxxbQNPeVMAAAAAAQxxbQAYSIMAAAAAA5WEtQJ+rBcAAAAAA5WEtQKW9ob8AAAAAVFL/P7HhWb8AAAAAQxxbQLHhWb8AAAAAUWuEQKW9ob8AAAAAUWuEQJ+rBcAAAAAArkebQLHhWb8AAAAArkebQKvP1bwAAAAA3SSyQKW9ob8AAAAADALJQLHhWb8AAAAAO9/fQKW9ob8AAAAAmbv2QLHhWb8AAAAAZMwGQaW9ob8AAAAA+zoSQbHhWb8AAAAAD5wTQZF++7wAAAAAiIUgQRdIED4AAAAAIR8nQXPXEr8AAAAAmgg0QeC+Pr8AAAAArBw4QX3Qw78AAAAAJQZFQTPE2b8AAAAArkcvQaMjCcAAAAAANV4iQY9T/L8AAAAAN4kZQc9mJcAAAAAAukkeQcnll78AAAAAwFszQSlcO8AAAAAAmN08QQIrB74AAAAAFg==,0,1,33,80,121,128,167,179,221,227,234,283,293,314,338,341,350,351,356,378,400,411,416,420,428,431,504,564,574,578,606,632,650,667,672,675,745,771,807,849,875,887,932,935,942,959,1004,,,,,,,,,,,,,,,,,,,,,,,,,,,,,,,,,,,,47
11.0,O=C1NC(=O)N(C2OC(CO)C(O)C2O)CC1=CCBr,Inactive,M97340609,776t3gAAAAALAAAAAAAAAAAAAAAUAAAAFQAAAIABCABgAAAAAQEGAGAAAAACAgYAYAAAAAMBCAAgAAAAAgYAYAAAAAMBBwAoAAAAAwMGACgAAAADBAgAKAAAAAMCBwBoAAAAAwIBBgAoAAAAAwQIACgAAAADAgYAKAAAAAMEBgBoAAAAAwMBBgBgAAAAAgIjACAAAAABBgBgAAAAAgIGAGAAAAADAQgAYAAAAAEBBgBgAAAAAwEIAGAAAAABAQsAAQABAgACAwADBAAEBQAFBiAGBygCBgggCAkgCQooAgkLIAsMLgIFAQAMDQANDgALDwAFDwAEEAAQEQAQEgACEgASEwAUAgUCAwQQEgYGCAkLDwUXAQAAAAAAAAAAFAAAAAAAAACAAAAAAHnpNj8zM9O+AAAAAHnpNj9mZp6/AAAAABnisD+ad9y/AAAAAIlBkD+wciDAAAAAAL1Szj8CK0vAAAAAAHGsG0ASpUXAAAAAAEYlMUAWahXAAAAAAAu1OkBkXXDAAAAAAJM6JUABTZDAAAAAANBEREBYqKXAAAAAAEdy4T8oD5PAAAAAAFZ9tj93LavAAAAAAIqO9D/OiMDAAAAAAFjKLkCoxr3AAAAAAMxdoz+hZ3vAAAAAAL6fmj6wciDAAAAAAFpkO74CK0vAAAAAABKDQD2ad9y/AAAAAFvTPL8K17u/AAAAABY=,36,75,80,90,152,210,222,233,251,314,338,356,395,454,463,492,536,550,556,610,633,650,653,656,684,694,728,740,770,779,787,807,820,883,897,922,926,935,970,1019,,,,,,,,,,,,,,,,,,,,,,,,,,,,,,,,,,,,,,,,,,,40
12.0,CC#Cc1cn(C2OC(CO)C(O)C2O)c(=O)[nH]c1=O,Inactive,M9233,776t3gAAAAALAAAAAAAAAAAAAAAUAAAAFQAAAIABCABgAAAAAQEGAGAAAAACAgYAYAAAAAMBCAAgAAAAAgYAYAAAAAMBB0AoAAAAAwMGQGgAAAADAwEGQCgAAAADBAYAKAAAAAIEBgAoAAAAAgQGAGAAAAABAwZAKAAAAAMECAAoAAAAAwIHQDgAAAADAQMGQCgAAAADBAgAKAAAAAMCBgBgAAAAAwEIAGAAAAABAQYAYAAAAAMBCABgAAAAAQELAAEAAQIAAgMAAwQABAUABQZoDAYHaAwHCCAICSgDCQoABwtoDAsMKAILDWgMDQ5oDAUOaAwODygCBBAAEBEAEBIAAhIAEhMAFAIFAgMEEBIGBgcLDQ4FFwEAAAAAAAAAABQAAAAAAAAAgAAAAAB56TY/MzPTvgAAAAB56TY/ZmaevwAAAAAZ4rA/mnfcvwAAAACJQZA/sHIgwAAAAAC9Us4/AitLwAAAAABxrBtAEqVFwAAAAAALtTpAZF1wwAAAAAAdOG9AF9lqwAAAAACY3ZFAJlNlwAAAAABPHqxA2c5fwAAAAACTOiVAAU2QwAAAAADQRERAWKilwAAAAABHcuE/KA+TwAAAAADMXaM/oWd7wAAAAAC6a+k+93WAwAAAAAC+n5o+sHIgwAAAAABaZDu+AitLwAAAAAASg0A9mnfcvwAAAABb0zy/Cte7vwAAAAAW,33,75,80,90,120,152,210,222,233,314,351,356,369,377,430,445,454,463,464,492,500,577,610,650,656,674,721,725,740,750,758,807,820,838,849,888,897,899,935,1011,1019,,,,,,,,,,,,,,,,,,,,,,,,,,,,,,,,,,,,,,,,,,41
13.0,CN1CC(C(=O)NC2(C)OC3(O)C4CCCN4C(=O)C(Cc4ccccc4)N3C2=O)CC2c3cccc4[nH]cc(c34)CC21,Inactive,M6495,776t3gAAAAALAAAAAAAAAAAAAAArAAAAMgAAAIABCABgAAAAAQEGACAAAAAECAAgAAAAAgYAIAAAAAQHAGgAAAADAgEGACgAAAADBAgAKAAAAAMCBgBgAAAAAwEGAGAAAAACAgcAIAAAAAMGAGAAAAABAwYAYAAAAAMBBgBgAAAAAgIGQCgAAAADBAZAaAAAAAMDAQdAOAAAAAMBAwZAKAAAAAMEBkBoAAAAAwMBBkBoAAAAAwMBBkBoAAAAAwMBBkAoAAAAAwQGQCgAAAADBAYAYAAAAAMBBgBgAAAAAgIGACgAAAADBAgAKAAAAAMCBwAoAAAAAwMGAGAAAAADAQYAKAAAAAMECAAoAAAAAwIHACgAAAADAwYAYAAAAAICBgBgAAAAAgIGAGAAAAACAgYAYAAAAAMBBgBgAAAAAgIGQCgAAAADBAZAaAAAAAMDAQZAaAAAAAMDAQZAaAAAAAMDAQZAaAAAAAMDAQZAaAAAAAMDAQYAYAAAAAEDCwABAAECAAIDAAMEAAQFIAUGKAIFBwAHCAAICQAJCgAJCwALDAAMDQANDmgMDg9oDA8QaAwQEWgMERJoDBITaAwTFGgMFBVoDA0VaAwQFWgMFBYACxYAFhcABxcAAxgAGBkoAhgaIAEaABobABscABwdKAIcHiAeHwAfIAAgIQAhIgABIgAeIgAbIwAjJAAkJWgMJSZoDCYnaAwnKGgMKCloDCQpaAwDKgAUCAUCARoYAwYICQsWFwcGDA0VFBYLBQ4NFRAPBhESExQVEAYcHiIBGhsFHx4iISAGJSYnKCkkFwEAAAAAAAAAACt6NuFAGsBbvgAAAABwX+lAE/IRPwAAAADnHc9AorT3PgAAAACqYMRAZmaePwAAAAB7g61AMzNTPwAAAAAep5ZAZmaePwAAAAAep5ZAAAAEQAAAAADek39AMzNTPwAAAADek39AAAAAgAAAAAB/2VFAMzPTvgAAAAB/2VFAZmaevwAAAADFICRAAAAAgAAAAADNzOw/MzPTvgAAAAAQWJE/AAAAgAAAAAAqqbM+QYKCvgAAAABMNwm+MzPTPgAAAAAqqbM+KjqKPwAAAACitDc+8IXxPwAAAABI4Uo/8BYcQAAAAABq3sk/qMYLQAAAAADNzOw/ZmaePwAAAAAQWJE/MzNTPwAAAADFICRAMzNTPwAAAAB/2VFAZmaePwAAAAAu/9dAVg7lPwAAAAAIPdVAPQonQAAAAABd3O5AiUGwPwAAAADn+wNBYOXQPwAAAAApyw1BKjqKPwAAAADiWBpBAd6qPwAAAACzDAtBqMaLPgAAAADZzhJB5/vJvgAAAACzDAtBV+yHvwAAAAAi/fxAjZdOvwAAAAAi/fxAvHSTPAAAAABeugZB8BYcQAAAAAAXSBNB3GgsQAAAAAD3BhZBvw5gQAAAAACvlCJBB19wQAAAAADxYyxBDwtNQAAAAAB6pSlBLGUZQAAAAABZFx1BQBMJQAAAAABd3LRAw9PzPwAAAAAW,3,4,5,15,17,33,36,42,50,64,78,80,81,84,90,94,108,119,121,128,130,149,175,202,212,231,250,252,255,257,268,269,301,314,327,344,353,356,371,389,400,432,433,446,455,456,458,486,487,551,580,634,650,656,665,684,689,706,710,726,727,730,736,739,759,773,806,807,820,844,849,855,893,913,926,935,960,971,974,1019,,,80
14.0,O=C(O)C(CCc1ccccc1)NC1CCCN2CCCC(C(=O)O)N2C1=O,Inactive,M3412465,776t3gAAAAALAAAAAAAAAAAAAAAcAAAAHgAAAIABCABoAAAAAwEBBgAoAAAAAwQIACgAAAADAgYAYAAAAAMBBwBgAAAAAgEGAGAAAAADAQYAKAAAAAMECAAoAAAAAwIHACgAAAADAwcAIAAAAAMGAGAAAAACAgYAYAAAAAICBgBgAAAAAgIGAGAAAAADAQYAKAAAAAMECAAoAAAAAwIIAGgAAAADAQEGAGAAAAACAgYAYAAAAAICBgBgAAAAAgIGAGAAAAACAgYAYAAAAAICBkAoAAAAAwQGQGgAAAADAwEGQGgAAAADAwEGQGgAAAADAwEGQGgAAAADAwEGQGgAAAADAwELAAEgAQIoAgEDAAMEAAQFAAUGAAYHKAIGCCAICQAJCgAKCwALDAAMDQAIDQANDgAODygCDhAgCREAERIAEhMABRMAAxQAFBUAFRYAFhdoDBcYaAwYGWgMGRpoDBobaAwWG2gMFAMHBgUTEhEJCAYKCwwNCAkGFxgZGhsWFwEAAAAAAAAAABz67eM/xm0kvwAAAAA+eYg/sAOHvwAAAAAGErQ+xm0kvwAAAAA+eYg/SZ3wvwAAAAAGErQ+C7USwAAAAADQs7m+SZ3wvwAAAADmroW/7Q0WwAAAAADf4Gu//kNKwAAAAADqleq/Vn0GwAAAAAAYlQjA2qyqvwAAAAApyzzAqvGavwAAAAAXt13ABoHtvwAAAAD0bErAbecnwAAAAADjNhbABcUvwAAAAADA7ALA7utgwAAAAABdbZ2/hslowAAAAACu2CPAzhmFwAAAAABkXdy/yXYevwAAAAAQ6We/tvP9vgAAAADHKZq+Dk+HvwAAAAD67eM/C7USwAAAAAC4rx9ASZ3wvwAAAAAWak1AC7USwAAAAAB0JHtASZ3wvwAAAABpb5RAC7USwAAAAABpb5RA2IFHwAAAAAB0JHtAPuhhwAAAAAAWak1A2IFHwAAAAAAW,1,4,5,21,42,64,80,128,175,214,219,239,301,314,338,354,356,377,385,389,407,446,456,529,530,531,559,573,600,650,726,730,736,739,788,807,819,820,832,849,893,926,935,976,985,1002,1019,1020,,,,,,,,,,,,,,,,,,,,,,,,,,,,,,,,,,,48
15.0,COc1cc2c(cc1OC)CN(C(=O)C(C)NC(CCc1ccccc1)C(=O)O)C(C(=O)O)C2,Inactive,M200874,776t3gAAAAALAAAAAAAAAAAAAAAiAAAAJAAAAIABCABoAAAAAwEBBgAoAAAAAwQIACgAAAADAgYAYAAAAAMBBwBgAAAAAgEGAGAAAAADAQYAKAAAAAMECAAoAAAAAwIHACgAAAADAwYAYAAAAAICBkAoAAAAAwQGQGgAAAADAwEGQCgAAAADBAgAKAAAAAMCBgBgAAAAAQMGQCgAAAADBAgAKAAAAAMCBgBgAAAAAQMGQGgAAAADAwEGQCgAAAADBAYAYAAAAAICBgBgAAAAAwEGACgAAAADBAgAKAAAAAMCCABoAAAAAwEBBgBgAAAAAQMGAGAAAAACAgYAYAAAAAICBkAoAAAAAwQGQGgAAAADAwEGQGgAAAADAwEGQGgAAAADAwEGQGgAAAADAwEGQGgAAAADAwELAAEgAQIoAgEDAAMEAAQFAAUGAAYHKAIGCCAICQAJCgAKC2gMCwxoDAwNIA0OAAwPaAwPECAQEQAPEmgMEhNoDAoTaAwTFAAUFQAIFQAVFgAWFygCFhggBRkAAxoAGhsAGxwAHB1oDB0eaAweH2gMHyBoDCAhaAwcIWgMFAMGCQoTFBUIBgsMDxITCgYdHh8gIRwXAQAAAAAAAAAAIjLmtj8zM9O/AAAAAHctCUAAAATAAAAAANXnNkAzM9O/AAAAAHctCUDNzDjAAAAAADLmtj8zM1PAAAAAAHnpNj/NzDjAAAAAAAAAAAAzM1PAAAAAAHnpNr/NzDjAAAAAAAAAAAAAAITAAAAAAHnpNj8zM5HAAAAAAHnpNj+amavAAAAAADLmtj/NzLjAAAAAADLmtj8zM9PAAAAAAHctCUBmZuDAAAAAAHctCUDNzPrAAAAAAHnpNj9mZuDAAAAAAHnpNj/NzPrAAAAAAAAAAAAAAATBAAAAAAAAAAAzM9PAAAAAAAAAAADNzLjAAAAAAHnpNr+amavAAAAAAHnpNr8zM5HAAAAAADLmtr8AAITAAAAAADLmtr8zM1PAAAAAAHctCcAzM5HAAAAAAHnpNj8AAATAAAAAANXnNkAzM1PAAAAAADSiZEDNzDjAAAAAAHctiUAzM1PAAAAAAKYKoEDNzDjAAAAAANXntkAzM1PAAAAAANXntkAAAITAAAAAAKYKoEAzM5HAAAAAAHctiUAAAITAAAAAABY=,1,21,33,42,64,80,108,128,153,156,175,194,212,214,219,221,231,242,249,283,356,389,407,408,512,531,559,573,590,600,606,649,650,690,695,726,730,736,739,807,808,820,841,849,875,893,919,922,926,935,946,969,979,989,1019,,,,,,,,,,,,,,,,,,,,,,,,,,,,55
16.0,Cc1cc2nc3c(=O)[nH]c(=O)nc-3n(CC(O)C(O)C(O)CO)c2cc1C,Inactive,M488,776t3gAAAAALAAAAAAAAAAAAAAAbAAAAHQAAAIABCABgAAAAAQEGAGAAAAACAgYAYAAAAAMBCABgAAAAAQEGAGAAAAADAQgAYAAAAAEBBgBgAAAAAwEIAGAAAAABAQYAYAAAAAICB0AoAAAAAwMGQCgAAAADBAdAKAAAAAMDBkAoAAAAAwQIACgAAAADAgdAOAAAAAMBAwZAKAAAAAMECAAoAAAAAwIGQCgAAAADBAdAKAAAAAMDBkAoAAAAAwQGQGgAAAADAwEGQCgAAAADBAZAKAAAAAMEBkBoAAAAAwMBBkAoAAAAAwQGAGAAAAABAwYAYAAAAAEDCwABAAECAAIDAAIEAAQFAAQGAAYHAAYIAAgJAAkKaAwKC2gMCwxoDAwNKAIMDmgMDg9oDA8QKAIPEWgMChEgERJoDBITaAwTFGgMFBVoDBUWaAwWF2gMFxhoDAkYaAwTGGgMFhkAFRoAFAMGCRgTEhEKBgsMDg8RCgYUFRYXGBMXAQAAAAAAAAAAG6YKoEAzM9M+AAAAANXntkAAAAAAAAAAADPEzUAzM9M+AAAAADPEzUBmZp4/AAAAAGKh5EAAAAAAAAAAAGKh5EAzM1O/AAAAAJF++0AzM9M+AAAAAJF++0BmZp4/AAAAAOAtCUEAAAAAAAAAAA+cFEEzM9M+AAAAAA+cFEFmZp4/AAAAAOAtCUEzM9M/AAAAAOAtCUFmZh5AAAAAAJF++0DNzDhAAAAAAA+cFEHNzDhAAAAAAKYKIEFmZh5AAAAAAD55K0HNzDhAAAAAAKYKIEEzM9M/AAAAAD55K0FmZp4/AAAAAD55K0EzM9M+AAAAAG3nNkEAAAAAAAAAAG3nNkEzM1O/AAAAAD55K0FmZp6/AAAAAKYKIEEzM1O/AAAAAKYKIEEAAAAAAAAAAD55K0EAAATAAAAAAARWQkFmZp6/AAAAABY=,1,33,38,45,62,73,79,80,90,222,227,238,249,260,274,314,323,356,367,369,370,378,482,553,650,657,698,699,706,721,749,750,802,807,829,831,849,875,888,891,898,908,935,966,1018,,,,,,,,,,,,,,,,,,,,,,,,,,,,,,,,,,,,,,45
17.0,N=c1nc2n(cc1F)C1OC(CO)C(O)C1O2,Inactive,M8410,776t3gAAAAALAAAAAAAAAAAAAAARAAAAEwAAAIABCABgAAAAAQEGAGAAAAACAgYAYAAAAAMBCAAgAAAAAgYAYAAAAAMBB0AoAAAAAwMGQGgAAAADAwEGQCgAAAADBAkAIAAAAAEGQCgAAAADBAcAaAAAAAMCAQdAKAAAAAMDBkAoAAAAAwQIACgAAAADAgYAYAAAAAMBBgBgAAAAAwEIAGAAAAABAQsAAQABAgACAwADBAAEBQAFBmgMBgdoDAcIAAcJaAwJCigCCQtoDAsMaAwFDGgMDA0gDQ4ABA4ADg8AAg8ADxAAFAMFAgMEDg8GBgcJCwwFBQ0MBQQOFwEAAAAAAAAAABGPU1S/B/DuvwAAAADOiFK+3NepvwAAAAAc6xI/VHTMvwAAAADwFqA/qROQvwAAAAC6SfQ/INLPvwAAAABj7i5A9+TRvwAAAAD3BlNAW9OEvwAAAADBOYNAFNCcvwAAAAALRpVAe4MfvwAAAADr4opANe8AwAAAAABfmKRAke0MwAAAAABDrXFAA3gnwAAAAAC4QD5Ap3kbwAAAAAAH8BJA/Kk5wAAAAABDrdE/wcoZwAAAAABuNFA/VcEYwAAAAAAAb6E+F9lCwAAAAAAW,75,80,152,156,210,221,222,233,356,378,425,463,464,492,526,577,610,623,640,656,667,699,706,740,750,779,807,816,831,849,866,897,904,921,932,935,989,1019,,,,,,,,,,,,,,,,,,,,,,,,,,,,,,,,,,,,,,,,,,,,,38
18.0,CN1CC(C(=O)NC2(C)OC3(O)C4CCCN4C(=O)C(Cc4ccccc4)N3C2=O)C=C2c3cccc4[nH]cc(c34)CC21,Inactive,M12808,776t3gAAAAALAAAAAAAAAAAAAAArAAAAMgAAAIABCABgAAAAAQEGACAAAAAECAAgAAAAAgYAIAAAAAQHAGgAAAADAgEGACgAAAADBAgAKAAAAAMCBgBgAAAAAwEGAGgAAAADAwEGACgAAAADBAZAKAAAAAMEBkBoAAAAAwMBBkBoAAAAAwMBBkBoAAAAAwMBBkAoAAAAAwQHQDgAAAADAQMGQGgAAAADAwEGQCgAAAADBAZAKAAAAAMEBgBgAAAAAgIGAGAAAAADAQcAIAAAAAMGAGAAAAABAwYAYAAAAAICBgAoAAAAAwQIACgAAAADAgcAKAAAAAMDBgBgAAAAAwEGACgAAAADBAgAKAAAAAMCBwAoAAAAAwMGAGAAAAACAgYAYAAAAAICBgBgAAAAAgIGAGAAAAADAQYAYAAAAAICBkAoAAAAAwQGQGgAAAADAwEGQGgAAAADAwEGQGgAAAADAwEGQGgAAAADAwEGQGgAAAADAwEGAGAAAAABAwsAAQABAgACAwADBAAEBSAFBigCBQcABwgACAkoAgkKIAoLaAwLDGgMDA1oDA0OaAwOD2gMDxBoDBARaAwREmgMChJoDA4SaAwREwATFAAJFAAUFQAVFgAVFwAHFwADGAAYGSgCGBogARoAGhsAGxwAHB0oAhweIB4fAB8gACAhACEiAAEiAB4iABsjACMkACQlaAwlJmgMJidoDCcoaAwoKWgMJCloDAMqABQIBQIBGhgDBggJFBUXBwYLDA0OEgoFDw4SERAGExQJChIRBhweIgEaGwUfHiIhIAYlJicoKSQXAQAAAAAAAAAAK1uxk0B1AkrAAAAAAHuDrUCaCD/AAAAAAC7/nUBIUBTAAAAAAHuDrUAzM9O/AAAAAB6nlkBmZp6/AAAAAB6nlkAzM9O+AAAAAHuDrUAAAAAAAAAAAN6Tf0AAAAAAAAAAAH/ZUUAzM9O+AAAAAMUgJEAAAACAAAAAAM3M7D8zM9O+AAAAAGreyT+2862/AAAAAEjhSj9GlM6/AAAAAKK0Nz5X7Ie/AAAAACqpsz5BgoK+AAAAAEw3Cb4zM9M+AAAAACqpsz4qOoo/AAAAABBYkT8zM1M/AAAAABBYkT8AAACAAAAAAM3M7D9mZp4/AAAAAMUgJEAzM1M/AAAAAH/ZUUBmZp4/AAAAAH/ZUUAAAARAAAAAAN6Tf0AzM1M/AAAAAL6fxkDD0/O/AAAAABb720CPwrW/AAAAAL6fxkCuti7AAAAAAEI+2kBKDFLAAAAAAIPA1EBF2ILAAAAAAAdf6EASg5TAAAAAABKlu0A7AYvAAAAAAKfosECKH6PAAAAAAB6nlkCSXKDAAAAAAF8pkUCgiYbAAAAAAI4GqEDarHLAAAAAALRZ80BeukHAAAAAABx8A0H5D2XAAAAAANUJEEEOvlTAAAAAABfZGUGpE3jAAAAAAKAaF0H125XAAAAAAH6MCkHqBJ7AAAAAADy9AEEdWozAAAAAALhAuEDrc2W/AAAAABY=,4,5,15,33,36,42,50,64,80,81,84,90,94,98,108,110,119,121,128,130,149,175,201,202,212,231,250,252,255,257,269,288,301,314,327,344,352,353,356,389,424,432,433,446,456,458,486,487,524,551,634,650,656,684,689,706,716,726,727,730,736,739,742,759,779,806,807,820,835,849,855,893,913,918,926,935,960,963,971,984,989,1019,82
19.0,Cc1cccc(Nc2ccncc2S(=O)(=O)NC(=O)NC(C)C)c1,Inactive,M7286,776t3gAAAAALAAAAAAAAAAAAAAAYAAAAGQAAAIABBwBoAAAAAwIBBkAoAAAAAwQGQGgAAAADAwEGQGgAAAADAwEGQGgAAAADAwEGQCgAAAADBAZAaAAAAAMDAQYAYAAAAAEDBkAoAAAAAwQGQGgAAAADAwEGQGgAAAADAwEHQCgAAAADAwZAaAAAAAMDAQZAKAAAAAMEEAAgAAAABggAKAAAAAMCCAAoAAAAAwIHAGgAAAADAgEGACgAAAADBAgAKAAAAAMCBwBoAAAAAwIBBgBgAAAAAwEGAGAAAAABAwYAYAAAAAEDCwABIAECaAwCA2gMAwRoDAQFaAwFBmgMAQZoDAUHAAAIIAgJaAwJCmgMCgtoDAsMaAwMDWgMCA1oDA0OAA4PCAIOEAgCDhEAERIgEhMoAhIUIBQVABUWABUXABQCBgIDBAUGAQYJCgsMDQgXAQAAAAAAAAAAGHnpNr8zM9O+AAAAAHnpNr9mZp6/AAAAAAAAAAAzM9O/AAAAAAAAAABmZh7AAAAAAHnpNr/NzDjAAAAAADLmtr9mZh7AAAAAADLmtr8zM9O/AAAAAHctCcDNzDjAAAAAADLmtr8AAACAAAAAAHctCcAzM9O+AAAAANXnNsAAAACAAAAAANXnNsAzM1M/AAAAAHctCcBmZp4/AAAAADLmtr8zM1M/AAAAAHnpNr9mZp4/AAAAAL6fmr5U4wU/AAAAAIlBkL8j2/k/AAAAAAAAAAAzM9M/AAAAAAAAAABmZh5AAAAAAHnpNj/NzDhAAAAAAHnpNr/NzDhAAAAAAHnpNr+amW1AAAAAADLmtr8AAIRAAAAAAAAAAAAAAIRAAAAAABY=,1,4,15,31,33,64,103,117,128,184,191,200,283,307,329,350,356,378,380,392,449,452,457,491,502,511,547,562,579,582,587,650,698,703,726,728,799,807,819,842,849,875,893,904,965,1006,1013,,,,,,,,,,,,,,,,,,,,,,,,,,,,,,,,,,,,47
20.0,CCOC(=O)C(CCc1ccccc1)NC1CCCN2CCCC(C(=O)O)N2C1=O,Inactive,M3412412,776t3gAAAAALAAAAAAAAAAAAAAAeAAAAIAAAAIABCABoAAAAAwEBBgAoAAAAAwQIACgAAAADAgYAYAAAAAMBBwAoAAAAAwMHACAAAAADBgBgAAAAAgIGAGAAAAACAgYAYAAAAAICBgBgAAAAAgIGAGAAAAACAgYAYAAAAAICBgBgAAAAAwEHAGAAAAACAQYAYAAAAAMBBgAoAAAAAwQIACgAAAADAggAKAAAAAMCBgBgAAAAAgIGAGAAAAABAwYAYAAAAAICBgBgAAAAAgIGQCgAAAADBAZAaAAAAAMDAQZAaAAAAAMDAQZAaAAAAAMDAQZAaAAAAAMDAQZAaAAAAAMDAQYAKAAAAAMECAAoAAAAAwILAAEgAQIoAgEDAAMEAAQFAAUGAAYHAAcIAAMIAAUJAAkKAAoLAAsMAAwNAA0OAA4PAA8QKAIPESAREgASEwAOFAAUFQAVFgAWF2gMFxhoDBgZaAwZGmgMGhtoDBYbaAwMHAAEHCAcHSgCFAMGAwgHBgUEBwkFBBwMCwoGFxgZGhsWFwEAAAAAAAAAAB4y5npAIo49wAAAAAAPnGdA3GgMwAAAAAAtQ4RAFD/GvwAAAAD+ZTNAoIkEwAAAAADaGyBAbcWmvwAAAACSy9c/PQqXvwAAAAC285U/mpnpvwAAAAD9h7w/E/IlwAAAAAAQehJATtEtwAAAAADF/qI/BFbuvgAAAAAMk8k/SOGaPgAAAAAIPRdA/7ILPwAAAAAB3kJA5q6lPQAAAABfmHBA7Z78PgAAAABfmHBAVcGoPwAAAAAB3kJAIo7dPwAAAACjIxVAVcGoPwAAAAAB3kJA3pMjQAAAAACjIxVARPo9QAAAAACjIxVAEcdyQAAAAACNKI9AIo7dPwAAAACNKI9A3pMjQAAAAAC8BaZARPo9QAAAAAC8BaZAEcdyQAAAAADr4rxAvJaGQAAAAABIv9NAEcdyQAAAAABIv9NARPo9QAAAAADr4rxA3pMjQAAAAABCz0ZAm+Y9vwAAAAAr9ndAlIeFvwAAAAAW,1,4,5,21,33,42,64,80,97,128,147,175,214,219,239,242,294,301,314,338,354,356,377,385,389,407,446,456,530,531,559,573,650,695,698,726,730,736,739,788,794,807,819,832,849,893,926,935,976,985,1002,1019,1020,,,,,,,,,,,,,,,,,,,,,,,,,,,,,,53
21.0,COc1cc2nc(N3CCN(C(=O)C4COc5ccccc5O4)CC3)nc(N)c2cc1OC,Inactive,M10071,776t3gAAAAALAAAAAAAAAAAAAAAhAAAAJQAAAIABBwBoAAAAAwECBkAoAAAAAwQHQCgAAAADAwZAKAAAAAMEB0AoAAAAAwMGQCgAAAADBAZAaAAAAAMDAQZAKAAAAAMECAAoAAAAAwIGAGAAAAABAwZAKAAAAAMECAAoAAAAAwIGAGAAAAABAwZAaAAAAAMDAQZAKAAAAAMEBwAoAAAAAwMGAGAAAAACAgYAYAAAAAICBwAoAAAAAwMGACgAAAADBAgAKAAAAAMCBgBgAAAAAwEIACgAAAADAgZAKAAAAAMEBkBoAAAAAwMBBkBoAAAAAwMBBkBoAAAAAwMBBkBoAAAAAwMBBkAoAAAAAwQIACgAAAADAgYAYAAAAAICBgBgAAAAAgIGAGAAAAACAgsAASABAmgMAgNoDAMEaAwEBWgMBQZoDAYHaAwHCCAICQAHCmgMCgsgCwwACg1oDA0OaAwBDmgMBQ5oDAMPIA8QABARABESABITIBMUKAITFQAVFgAWFyAXGGgMGBloDBkaaAwaG2gMGxxoDBccaAwcHSAdHgAVHgASHwAfIAAPIAAUBQYBDgUEAwIGBgcKDQ4FBhAREh8gDwYWFxwdHhUGGBkaGxwXFwEAAAAAAAAAACGmCqDAZmaevwAAAAB3LYnAMzPTvwAAAAA0omTAZmaevwAAAADV5zbAMzPTvwAAAADV5zbAZmYewAAAAAA0omTAzcw4wAAAAAA0omTAmpltwAAAAAB3LYnAAACEwAAAAAB3LYnAZmaewAAAAACmCqDAmpmrwAAAAACmCqDAmpltwAAAAADV57bAAACEwAAAAAAzxM3AmpltwAAAAACmCqDAzcw4wAAAAAB3LYnAZmYewAAAAAB3LQnAZmaevwAAAAB3LQnAMzPTvgAAAAAy5ra/AAAAAAAAAAB56Ta/MzPTvgAAAAAAAAAAAAAAAAAAAAAAAAAAMzNTPwAAAAB56TY/MzPTvgAAAAAy5rY/AAAAAAAAAAB3LQlAMzPTvgAAAADV5zZAAAAAAAAAAAA0omRAMzPTvgAAAAA0omRAZmaevwAAAADV5zZAMzPTvwAAAAB3LQlAZmaevwAAAAAy5rY/MzPTvwAAAAB56TY/ZmaevwAAAAB56Ta/ZmaevwAAAAAy5ra/MzPTvwAAAAAW,33,64,66,73,82,147,175,212,221,232,237,246,249,333,335,348,351,356,378,407,433,435,441,456,457,469,484,511,512,565,588,623,624,644,650,656,695,726,750,778,780,807,831,841,849,860,873,875,881,891,893,899,926,935,946,985,1019,,,,,,,,,,,,,,,,,,,,,,,,,,57
22.0,NCCCCC(NC(CCc1ccccc1)C(=O)O)C(=O)N1CCCC1C(=O)O,Inactive,M9824,776t3gAAAAALAAAAAAAAAAAAAAAdAAAAHgAAAIABCABoAAAAAwEBBgAoAAAAAwQIACgAAAADAgYAYAAAAAMBBwBgAAAAAgEGAGAAAAADAQYAKAAAAAMECAAoAAAAAwIHACgAAAADAwYAYAAAAAICBgBgAAAAAgIGAGAAAAACAgYAYAAAAAMBBgAoAAAAAwQIACgAAAADAggAaAAAAAMBAQYAYAAAAAICBgBgAAAAAgIGAGAAAAACAgYAYAAAAAICBwBgAAAAAQIGAGAAAAACAgYAYAAAAAICBkAoAAAAAwQGQGgAAAADAwEGQGgAAAADAwEGQGgAAAADAwEGQGgAAAADAwEGQGgAAAADAwELAAEgAQIoAgEDAAMEAAQFAAUGAAYHKAIGCCAICQAJCgAKCwALDAAIDAAMDQANDigCDQ8gBRAAEBEAERIAEhMAExQAAxUAFRYAFhcAFxhoDBgZaAwZGmgMGhtoDBscaAwXHGgMFAIFCQgMCwoGGBkaGxwXFwEAAAAAAAAAAB38qY1A0SKvwAAAAADJdoBAAADGwAAAAADFIExAAADGwAAAAAD8qY1AL93cwAAAAADJdoBAjLnzwAAAAADFIExAjLnzwAAAAABeujFAXksFwQAAAADFIExA9bkQwQAAAAAj2/k/XksFwQAAAACoxrs/ZDv1wAAAAADEsS4/iGP9wAAAAADEsS4/9+QLwQAAAACoxrs/cvkPwQAAAAB/atw/K4ccwQAAAACPwpU/bVYmwQAAAAAj2yFAokUfwQAAAABeujFAL93cwAAAAAAj2/k/L93cwAAAAABWDsU/AADGwAAAAAB56TY/AADGwAAAAAC+n5o+0SKvwAAAAABiEKhAL93cwAAAAACWQ7VAAADGwAAAAAD8qc9AAADGwAAAAAAv3dxA0SKvwAAAAACWQ/dA0SKvwAAAAABkOwJBAADGwAAAAACWQ/dAL93cwAAAAAAv3dxAL93cwAAAAAAW,1,4,21,42,58,64,80,108,128,147,175,193,214,219,242,259,299,301,354,356,369,389,407,409,446,456,479,488,493,531,559,573,584,600,650,726,730,736,739,807,816,820,849,887,893,919,926,935,979,981,1019,,,,,,,,,,,,,,,,,,,,,,,,,,,,,,,,51
23.0,CC(C)(ON=C(C(=O)NC1C(=O)N2C(C(=O)O)=C(C[n+]3ccccc3)CSC12)c1csc(N)n1)C(=O)O,Inactive,M124046,776t3gAAAAALAAAAAAAAAAAAAAAlAAAAKAAAAIABCABoAAAAAwEBBgAoAAAAAwQIACgAAAADAgYAKAAAAAMEBgAoAAAAAwQGAGAAAAACAgdAKgAAAAEDBAZAaAAAAAMDAQZAaAAAAAMDAQZAaAAAAAMDAQZAaAAAAAMDAQZAaAAAAAMDAQYAYAAAAAICEAAgAAAAAgYAYAAAAAMBBwAoAAAAAwMGACgAAAADBAgAKAAAAAMCBgBgAAAAAwEHAGgAAAADAgEGACgAAAADBAgAKAAAAAMCBgAoAAAAAwQHACgAAAADAwgAKAAAAAMCBgAgAAAABAYAKAAAAAMECAAoAAAAAwIIAGgAAAADAQEGAGAAAAABAwYAYAAAAAEDBkAoAAAAAwQHQCgAAAADAwZAKAAAAAMEEEAoAAAAAwIGQGgAAAADAwEHAGgAAAADAQILAAEgAQIoAgEDIAMEKAIEBQAFBgAGB2gMBwhoDAgJaAwJCmgMCgtoDAYLaAwEDAAMDQANDgAODwADDyAPECAQESgCEBIADhIAEhMAExQgFBUoAhQWIBYXLgIFAQAXGCAYGQAZGgAaGygCGhwgGR0AGR4AFh8gHyBoDCAhaAwhImgMIiNoDB8jaAwhJCAUBAYDDw4NDAQGBwgJCgsGBBASDg8FIB8jIiEXAQAAAAAAAAAAJeY/EEBmZh5AAAAAAET6PUAAAARAAAAAAKK0a0BmZh5AAAAAAET6PUBmZp4/AAAAAKK0a0AzM1M/AAAAAIC3jEBmZp4/AAAAAN6To0AzM1M/AAAAAA1xukBmZp4/AAAAADxO0UAzM1M/AAAAADxO0UAAAACAAAAAAA1xukAzM9O+AAAAAN6To0AAAACAAAAAAKK0a0AAAAAAAAAAAET6PUAzM9O+AAAAAOY/EEAAAAAAAAAAAOY/EEAzM1M/AAAAADLmtj8zM1M/AAAAAD55WD90RrQ/AAAAADLmtj8AAAAAAAAAAD55WD+0WRW/AAAAAKd5Rz1tVr2+AAAAAFXBKL7arNo+AAAAABniCL/qBHS/AAAAAN5xqr/7XD2/AAAAAHEb9b8QWKm/AAAAACKOLcAZBI6/AAAAAIqOYMBCYGW/AAAAAHzygsC0Wb2/AAAAAIY4bsDx9Mq9AAAAACbkH8AbDaC+AAAAAB04O8DqBPS/AAAAADhnpL5HA+C/AAAAAG/w5T7A7ALAAAAAACDSzz6HpzfAAAAAACcxyL6DUUXAAAAAAOcdV79sCRnAAAAAABkEhj8Z4ljAAAAAABY=,5,33,39,64,80,114,128,147,150,179,183,186,212,228,232,233,235,240,255,283,314,328,334,356,378,387,389,392,417,418,431,433,440,456,463,470,484,485,523,543,552,570,637,650,653,675,695,698,725,738,753,792,807,813,831,849,855,859,872,882,893,898,926,935,936,953,963,997,998,1003,1019,,,,,,,,,,,,71
24.0,COC1(NC(=O)C(C(=O)O)c2ccc(O)cc2)C(=O)N2C(C(=O)O)=C(CSc3nnnn3C)COC21,Inactive,M5317,776t3gAAAAALAAAAAAAAAAAAAAAkAAAAJwAAAIABCABoAAAAAwEBBgAoAAAAAwQIACgAAAADAgYAKAAAAAMEBgAoAAAAAwQGAGAAAAACAhAAIAAAAAIGQCgAAAADBAdAKAAAAAMDB0AoAAAAAwMHQCgAAAADAwdAKAAAAAMDBgBgAAAAAQMGAGAAAAACAggAIAAAAAIGAGAAAAADAQcAKAAAAAMDBgAoAAAAAwQIACgAAAADAgYAIAAAAAQIACAAAAACBgBgAAAAAQMHAGgAAAADAgEGACgAAAADBAgAKAAAAAMCBgBgAAAAAwEGACgAAAADBAgAKAAAAAMCCABoAAAAAwEBBkAoAAAAAwQGQGgAAAADAwEGQGgAAAADAwEGQCgAAAADBAgAaAAAAAMBAQZAaAAAAAMDAQZAaAAAAAMDAQsAASABAigCAQMgAwQoAgQFAAUGAAYHAAcIaAwICWgMCQpoDAoLaAwHC2gMCwwABA0ADQ4ADg8ADxAAAxAgEBEgERIoAhETAA8TABMUABQVABMWABYXIBcYKAIXGQAZGgAaGygCGhwgGR0AHR5oDB4faAwfIGgMICEgICJoDCIjaAwdI2gMFAQGAxAPDg0EBQgHCwoJBBETDxAGHh8gIiMdFwEAAAAAAAAAACTmPxBAZmYeQAAAAABE+j1AAAAEQAAAAACitGtAZmYeQAAAAABE+j1AZmaePwAAAACitGtAMzNTPwAAAACAt4xAZmaePwAAAACAt4xAAAAEQAAAAADek6NAZmYeQAAAAADWVqZAeelSQAAAAAD2KMBAVONdQAAAAAApXM1A9igwQAAAAAAtsrtA7usIQAAAAAAbL8FAXI+qPwAAAACitGtAAAAAAAAAAABE+j1AMzPTvgAAAADmPxBAAAAAAAAAAADmPxBAMzNTPwAAAAAy5rY/MzNTPwAAAAA+eVg/dEa0PwAAAAAy5rY/AAAAAAAAAABpbyA/7zhFvgAAAABF2HA9BcXPPgAAAAAUP54/+1xNvwAAAABd/uM+CKyEvwAAAAA/xhy+V+zvvgAAAADlYYE+hlrrvwAAAAA+6Fk/vAUawAAAAACcM9I/9wYLwAAAAAACmig/+1xNwAAAAAAHzgm/CKwEwAAAAABDHDu/RwM4wAAAAACfzcK/sANHwAAAAAD/sgfANqsiwAAAAABhVDrA/KkxwAAAAAAnwva/8KfevwAAAABjf5G/HqfAvwAAAAAW,1,33,36,54,67,80,81,94,116,121,128,140,172,186,195,209,232,255,257,259,289,314,329,341,344,356,378,389,399,423,454,456,464,470,573,578,590,609,613,647,650,656,666,695,726,745,747,754,759,762,783,793,802,807,820,824,829,840,841,849,872,893,898,917,926,935,936,960,983,1019,,,,,,,,,,,,,70
25.0,Cc1ccccc1N1C(=O)c2cc(S(N)(=O)=O)c(Cl)cc2NC1C,Inactive,M376,776t3gAAAAALAAAAAAAAAAAAAAAYAAAAGgAAAIABBwBgAAAAAQIQACAAAAAGCAAoAAAAAwIIACgAAAADAgZAKAAAAAMEBkBoAAAAAwMBBkAoAAAAAwQGACgAAAADBAgAKAAAAAMCBwAoAAAAAwMGQCgAAAADBAZAaAAAAAMDAQZAaAAAAAMDAQZAaAAAAAMDAQZAaAAAAAMDAQZAKAAAAAMEBgBgAAAAAQMGAGAAAAADAQcAaAAAAAMCAQZAKAAAAAMEBkBoAAAAAwMBBkAoAAAAAwQRACAAAAABBgBgAAAAAQMLAAEAAQIIAgEDCAIBBAAEBWgMBQZoDAYHIAcIKAIHCSAJCiAKC2gMCwxoDAwNaAwNDmgMDg9oDAoPaAwPEAAJEQAREgASEyAGE2gMExRoDBQVaAwEFWgMFRYAERcAFAMGBBUUEwYFBgcJERITBgYLDA0ODwoXAQAAAAAAAAAAGHnpNr8zM9M+AAAAAAAAAAAAAAAAAAAAADMz07556Ta/AAAAADMz0z556TY/AAAAAHnpNj8zM9O+AAAAADLmtj8AAAAAAAAAAHctCUAzM9O+AAAAANXnNkAAAAAAAAAAANXnNkAzM1M/AAAAADSiZEAzM9O+AAAAAHctiUAAAACAAAAAAHctiUAzM1M/AAAAAKYKoEBmZp4/AAAAANXntkAzM1M/AAAAANXntkAAAACAAAAAAKYKoEAzM9O+AAAAAKYKoEBmZp6/AAAAADSiZEBmZp6/AAAAANXnNkAzM9O/AAAAAHctCUBmZp6/AAAAADLmtj8zM9O/AAAAAHnpNj9mZp6/AAAAAAAAAAAzM9O/AAAAAHctiUAzM9O/AAAAABY=,1,33,64,90,147,175,176,271,285,301,314,317,350,352,356,366,367,392,406,452,544,558,561,568,583,599,623,650,659,671,691,698,726,751,802,804,833,849,875,879,898,935,958,975,1019,,,,,,,,,,,,,,,,,,,,,,,,,,,,,,,,,,,,,,45
26.0,CCC(CO)NC(=O)C1C=C2c3cccc4[nH]cc(c34)CC2N(C)C1,Inactive,M50612,776t3gAAAAALAAAAAAAAAAAAAAAZAAAAHAAAAIABCABgAAAAAQEGAGAAAAACAgYAYAAAAAMBBwBoAAAAAwIBBgAoAAAAAwQIACgAAAADAgYAYAAAAAMBBgBoAAAAAwMBBgAoAAAAAwQGQCgAAAADBAZAaAAAAAMDAQZAaAAAAAMDAQZAaAAAAAMDAQZAKAAAAAMEB0A4AAAAAwEDBkBoAAAAAwMBBkAoAAAAAwQGQCgAAAADBAYAYAAAAAICBgBgAAAAAwEHACAAAAADBgBgAAAAAQMGAGAAAAACAgYAYAAAAAICBgBgAAAAAQMLAAEAAQIAAgMAAwQgBAUoAgQGAAYHAAcIKAIICSAJCmgMCgtoDAsMaAwMDWgMDQ5oDA4PaAwPEGgMEBFoDAkRaAwNEWgMEBIAEhMACBMAExQAFBUAFBYABhYAAhcAFxgAFAQGBhYUEwgHBgoLDA0RCQUODREQDwYSEwgJERAXAQAAAAAAAAAAGX/ZUUDNzDjAAAAAAN6Tf0BmZh7AAAAAAN6Tf0AzM9O/AAAAAB6nlkBmZp6/AAAAAB6nlkAzM9O+AAAAAHuDrUAAAAAAAAAAAN6Tf0AAAAAAAAAAAH/ZUUAzM9O+AAAAAMUgJEAAAACAAAAAAM3M7D8zM9O+AAAAAGreyT+2862/AAAAAEjhSj9GlM6/AAAAAKK0Nz5X7Ie/AAAAACqpsz5BgoK+AAAAAEw3Cb4zM9M+AAAAACqpsz4qOoo/AAAAABBYkT8zM1M/AAAAABBYkT8AAACAAAAAAM3M7D9mZp4/AAAAAMUgJEAzM1M/AAAAAH/ZUUBmZp4/AAAAAH/ZUUAAAARAAAAAAN6Tf0AzM1M/AAAAAH/ZUUBmZp6/AAAAAMUgJEAzM9O/AAAAABY=,1,15,33,64,80,90,98,117,119,121,128,201,212,222,231,269,288,294,352,353,356,386,424,482,486,520,524,551,609,650,689,716,726,739,742,759,779,806,807,835,837,849,855,893,911,913,918,926,935,946,960,963,966,971,984,989,1019,,,,,,,,,,,,,,,,,,,,,,,,,,57
27.0,CN1c2ccccc2N(CCCCCCC(=O)O)c2ccc(Cl)cc2S1(=O)=O,Inactive,M27488855,776t3gAAAAALAAAAAAAAAAAAAAAcAAAAHgAAAIABCABoAAAAAwEBBgAoAAAAAwQIACgAAAADAgYAYAAAAAICBgBgAAAAAgIGAGAAAAACAgYAYAAAAAICBgBgAAAAAgIGAGAAAAACAgcAKAAAAAMDBkAoAAAAAwQGQGgAAAADAwEGQGgAAAADAwEGQGgAAAADAwEGQGgAAAADAwEGQCgAAAADBAcAKAAAAAMDBgBgAAAAAQMQACAAAAAGCAAoAAAAAwIIACgAAAADAgZAKAAAAAMEBkBoAAAAAwMBBkAoAAAAAwQRACAAAAABBkBoAAAAAwMBBkBoAAAAAwMBBkAoAAAAAwQLAAEgAQIoAgEDAAMEAAQFAAUGAAYHAAcIAAgJAAkKIAoLaAwLDGgMDA1oDA0OaAwOD2gMCg9oDA8QIBARABASABITCAISFAgCEhUAFRZoDBYXaAwXGAAXGWgMGRpoDBobaAwJGyAVG2gMFAMHCQoPEBIVGwYLDA0ODwoGFhcZGhsVFwEAAAAAAAAAAByfzUrA846BwAAAAADkFB3AJ8KOwAAAAADkFB3AjSipwAAAAAALtd6/846BwAAAAABPQIO/J8KOwAAAAABJLp++846BwAAAAACNl84+J8KOwAAAAACgGo8/846BwAAAAABcj+o/J8KOwAAAAABpACNA846BwAAAAAAoDx9AyXZOwAAAAAAFNNk/MuY+wAAAAAAXt8E/i2wLwAAAAADzjgdAsAPPvwAAAAAZBDpA3STuvwAAAAAzxEVAFYwqwAAAAACh+HlAUWsywAAAAAD124tAWMoGwAAAAACDL4pAryVgwAAAAAAJip1A+zo8wAAAAAAAAKBAVON9wAAAAAByioBAeqWIwAAAAAD35JNA1JqawAAAAADqBI5AqFe0wAAAAABwX6FAMEzGwAAAAABTlmlA8x+8wAAAAABI4UJAmSqqwAAAAABioU5Axm2QwAAAAAAW,19,33,64,77,80,86,116,119,121,165,172,175,207,216,243,263,271,356,371,389,446,469,511,540,561,588,623,650,659,713,726,807,816,840,849,868,875,887,891,893,924,926,935,990,,,,,,,,,,,,,,,,,,,,,,,,,,,,,,,,,,,,,,,44
28.0,CCOC(=O)c1ncn2c1CN(C)C(=O)c1cc(F)ccc1-2,Inactive,M7867,776t3gAAAAALAAAAAAAAAAAAAAAWAAAAGAAAAIABBkBoAAAAAwMBB0AoAAAAAwMGQCgAAAADBAYAKAAAAAMECAAoAAAAAwIIACgAAAADAgYAYAAAAAICBgBgAAAAAQMGQCgAAAADBAdAKAAAAAMDBkAoAAAAAwQGQGgAAAADAwEGQGgAAAADAwEGQCgAAAADBAkAIAAAAAEGQGgAAAADAwEGQCgAAAADBAYAKAAAAAMECAAoAAAAAwIHACgAAAADAwYAYAAAAAEDBgBgAAAAAgILAAFoDAECaAwCAyADBCgCAwUgBQYABgcAAghoDAgJaAwACWgMCQogCgtoDAsMaAwMDWgMDQ4ADQ9oDA8QaAwKEGgMEBEgERIoAhETIBMUABMVAAgVABQDBQABAggJBgsMDQ8QCgcREAoJCBUTFwEAAAAAAAAAABa6a/k/O3B+PwAAAAAhHzBADk+XPwAAAABEizRA0EQAQAAAAAAXt2FAsp0bQAAAAABJnWBAOGdQQAAAAACL/YdADi0CQAAAAACjkp5ATYQdQAAAAACitLVAqRMEQAAAAAA73wNADr4UQAAAAAA8vcI/fozZPwAAAACYbjI/n6vdPwAAAAA/V7s+Puh5PwAAAADMf+i+eJxiPwAAAADlYXG/2V/GPwAAAAC1puG/rra6PwAAAADtnhy/rIsTQAAAAABhMlU+nl4ZQAAAAAB1k9g+eVhMQAAAAADNO06+utpuQAAAAABpAJc/5WFhQAAAAACKH5s/bxKLQAAAAAC6SfQ/NKJIQAAAAAAW,33,80,91,94,121,145,147,214,271,290,294,314,352,356,367,378,386,398,406,428,463,489,490,501,503,564,646,650,664,669,695,698,699,704,726,759,807,815,849,875,878,879,891,893,904,922,926,932,935,,,,,,,,,,,,,,,,,,,,,,,,,,,,,,,,,,49
29.0,CC(O)Cn1cnc2c1c(=O)n(C)c(=O)n2C,Inactive,M5973,776t3gAAAAALAAAAAAAAAAAAAAARAAAAEgAAAIABCABgAAAAAQEGAGAAAAADAQYAYAAAAAEDBgBgAAAAAgIHQCgAAAADAwZAaAAAAAMDAQdAKAAAAAMDBkAoAAAAAwQHQCgAAAADAwZAKAAAAAMECAAoAAAAAwIHQCgAAAADAwZAKAAAAAMECAAoAAAAAwIGQCgAAAADBAYAYAAAAAEDBgBgAAAAAQMLAAEAAQIAAQMAAwQABAVoDAUGaAwGB2gMBwhoDAgJaAwJCigCCQtoDAsMaAwMDSgCDA5oDAQOaAwHDmgMCw8ACBAAFAIFBAUGBw4GCAkLDA4HFwEAAAAAAAAAABHZXza++8tGwAAAAABSSZ09dZMUwAAAAABqTfO+2qzavwAAAAC4QGI/mpkJwAAAAADswJE/bcWuvwAAAABwXyc/k6kyvwAAAADswJE/I9v5vAAAAACyLvY/8x+SvgAAAAC30ShAgSYCPgAAAAAVjFZA8x+SvgAAAAA6I4JAgSYCPgAAAAAVjFZAliGOvwAAAAC30ShAY+7CvwAAAAC30ShA/kMWwAAAAACyLvY/liGOvwAAAAA6I4JAY+7CvwAAAAC30ShA07xzPwAAAAAW,0,1,33,80,121,179,227,234,283,314,336,351,356,378,400,405,416,420,428,431,478,504,564,650,672,771,807,849,898,913,932,935,,,,,,,,,,,,,,,,,,,,,,,,,,,,,,,,,,,,,,,,,,,,,,,,,,,32
30.0,CC(C(O)(Cn1cncn1)c1ccc(F)cc1F)S(C)(=O)=O,Inactive,M15443,776t3gAAAAALAAAAAAAAAAAAAAAWAAAAFwAAAIABCABgAAAAAQEGACAAAAAEBkAoAAAAAwQGQGgAAAADAwEGQGgAAAADAwEGQCgAAAADBAkAIAAAAAEGQGgAAAADAwEGQCgAAAADBAkAIAAAAAEGAGAAAAACAgdAKAAAAAMDB0AoAAAAAwMGQGgAAAADAwEHQCgAAAADAwZAaAAAAAMDAQYAYAAAAAMBBgBgAAAAAQMQACAAAAAGCAAoAAAAAwIIACgAAAADAgYAYAAAAAEDCwABAAECAAIDaAwDBGgMBAVoDAUGAAUHaAwHCGgMAghoDAgJAAEKAAoLAAsMaAwMDWgMDQ5oDA4PaAwLD2gMARAAEBEAEBIAEhMIAhIUCAISFQAUAgYDBAUHCAIFDAsPDg0XAQAAAAAAAAAAFhB6SkDY8My/AAAAAKkTMEA4+GK/AAAAAGTMXUA8vfK+AAAAAGTMXUAqqbM+AAAAAGHDhUAvbkM/AAAAAJCgnEAqqbM+AAAAAL99s0AvbkM/AAAAAJCgnEA8vfK+AAAAAGHDhUA4+GK/AAAAAGHDhUC1Fdu/AAAAAEtZAkDpSKa/AAAAAEtZAkBB8QfAAAAAAPkPLUDb+SbAAAAAALG/HEBhMlnAAAAAAMnlzz9hMlnAAAAAADlFrz/b+SbAAAAAAEOtFUD7OjC+AAAAAKkTMEAs1Ao/AAAAAOzAwT/7OjC+AAAAAOzAwT/yQX+/AAAAAKVOMD/7OjC+AAAAAOzAwT90JCc/AAAAABY=,0,1,33,43,65,80,87,114,266,282,283,350,356,378,386,419,424,452,463,489,520,533,548,579,623,646,650,651,677,692,699,726,747,754,787,794,807,816,819,849,875,884,904,932,935,973,,,,,,,,,,,,,,,,,,,,,,,,,,,,,,,,,,,,,46
31.0,COC(=O)Nc1nc2ccc(C(=O)c3ccccc3)cc2[nH]1,Inactive,M8153,776t3gAAAAALAAAAAAAAAAAAAAAWAAAAGAAAAIABBwBoAAAAAwIBBgAoAAAAAwQIACgAAAADAggAKAAAAAMCBgBgAAAAAQMGQCgAAAADBAdAKAAAAAMDBkAoAAAAAwQGQGgAAAADAwEGQGgAAAADAwEGQCgAAAADBAZAaAAAAAMDAQZAKAAAAAMEB0A4AAAAAwEDBgAoAAAAAwQIACgAAAADAgZAKAAAAAMEBkBoAAAAAwMBBkBoAAAAAwMBBkBoAAAAAwMBBkBoAAAAAwMBBkBoAAAAAwMBCwABIAECKAIBAyADBAAABSAFBmgMBgdoDAcIaAwICWgMCQpoDAoLaAwLDGgMBwxoDAwNaAwFDWgMCg4gDg8oAg4QIBARaAwREmgMEhNoDBMUaAwUFWgMEBVoDBQDBQUGBwwNBggJCgsMBwYREhMUFRAXAQAAAAAAAAAAFg5PL76TqTK/AAAAAF1tFb8CK4c8AAAAAA5PL77RIjs/AAAAAEhQtL8CK4c8AAAAABUd6b/RIjs/AAAAAHBfJz+TqTK/AAAAAOzAkT8j2/m8AAAAALIu9j/zH5K+AAAAALfRKECBJgI+AAAAABWMVkDzH5K+AAAAABWMVkCWIY6/AAAAALfRKEBj7sK/AAAAALIu9j+WIY6/AAAAAOzAkT9txa6/AAAAADojgkBj7sK/AAAAAJf/mECWIY6/AAAAADojgkD+QxbAAAAAAJf/mEBlqjDAAAAAAJf/mEAyd2XAAAAAADojgkCY3X/AAAAAABWMVkAyd2XAAAAAABWMVkBlqjDAAAAAABY=,9,16,33,64,73,90,105,119,128,170,175,343,356,361,373,378,389,594,650,673,695,721,726,734,751,767,790,792,807,831,841,849,875,884,893,961,974,1011,,,,,,,,,,,,,,,,,,,,,,,,,,,,,,,,,,,,,,,,,,,,,38
32.0,CN1C(CSCC(F)(F)F)Nc2cc(Cl)c(S(N)(=O)=O)cc2S1(=O)=O,Inactive,M20107,776t3gAAAAALAAAAAAAAAAAAAAAZAAAAGgAAAIABBwBgAAAAAQIQACAAAAAGCAAoAAAAAwIIACgAAAADAgZAKAAAAAMEBkBoAAAAAwMBBkAoAAAAAwQGQCgAAAADBAcAaAAAAAMCAQYAYAAAAAMBBwAgAAAAAwYAYAAAAAEDEAAgAAAABggAKAAAAAMCCAAoAAAAAwIGAGAAAAACAhAAIAAAAAIGAGAAAAACAgYAIAAAAAQJACAAAAABCQAgAAAAAQkAIAAAAAEGQGgAAAADAwEGQCgAAAADBBEAIAAAAAELAAEAAQIIAgEDCAIBBAAEBWgMBQZoDAYHaAwHCCAICQAJCgAKCwAKDAAGDAAMDQgCDA4IAgkPAA8QABARABESABITABIUABIVAAcWaAwWF2gMBBdoDBcYABQCBgQXFgcGBQYICQoMBgcXAQAAAAAAAAAAGXctCcAAAATAAAAAADLmtr8zM9O/AAAAAGUZgr/4UxfAAAAAAP+y67/ufG+/AAAAAHnpNr9mZp6/AAAAAAAAAAAzM9O/AAAAAHnpNj9mZp6/AAAAAHnpNj8zM9O+AAAAADLmtj8AAACAAAAAAHctCUAzM9O+AAAAAHctCUBmZp6/AAAAANXnNkAzM9O/AAAAADLmtj8zM9O/AAAAAIV86D+1NxjAAAAAACZThT+1NxjAAAAAANXnNkAAAACAAAAAANXnNkAzM1M/AAAAADSiZEBmZp4/AAAAADSiZEAAAARAAAAAADSiZEDNzDhAAAAAAIC3jEAAAARAAAAAAGfVL0AAAARAAAAAAAAAAAAAAACAAAAAAHnpNr8zM9O+AAAAADLmtr8AAAAAAAAAABY=,33,67,73,80,83,90,107,114,116,121,147,174,176,207,213,239,252,284,301,350,352,356,366,392,429,435,452,469,500,561,568,583,598,650,659,691,777,802,822,833,849,875,893,904,924,935,953,958,990,1019,,,,,,,,,,,,,,,,,,,,,,,,,,,,,,,,,50
33.0,CN1CCN(CCCCn2c(O)cn(N=Cc3ccc(-c4ccc(Cl)cc4)o3)c2=O)CC1,Inactive,M3705562,776t3gAAAAALAAAAAAAAAAAAAAAgAAAAIwAAAIABCABoAAAAAwEBBkAoAAAAAwQGQGgAAAADAwEHQCgAAAADAwcAKAAAAAMDBgBoAAAAAwMBBkAoAAAAAwQIQCgAAAADAgZAKAAAAAMEBkBoAAAAAwMBBkBoAAAAAwMBBkAoAAAAAwQGQGgAAAADAwEGQGgAAAADAwEGQCgAAAADBBEAIAAAAAEGQGgAAAADAwEGQGgAAAADAwEGQCgAAAADBAgAKAAAAAMCB0AoAAAAAwMGAGAAAAACAgYAYAAAAAICBgBgAAAAAgIGAGAAAAACAgcAIAAAAAMGAGAAAAACAgYAYAAAAAICBwAgAAAAAwYAYAAAAAEDBgBgAAAAAgIGAGAAAAACAgsAASABAmgMAgNoDAQDIAQFLgIFAQAFBiAGB2gMBwhoDAgJaAwJCmgMBgpoDAgLIAsMaAwMDWgMDQ5oDA4PAA4QaAwQEWgMCxFoDAMSaAwSEygCEhRoDAEUaAwUFQAVFgAWFwAXGAAYGQAZGgAaGwAbHAAcHQAcHgAeHwAZHwAUBAUBAgMSFAUHBgoJCAYMDQ4QEQsGGhscHh8ZFwEAAAAAAAAAACB3LQlAzcw4wAAAAAB3LQlAmpltwAAAAADJ5TNAGlGGwAAAAADekyNAi2yfwAAAAAB4nEJAtMi0wAAAAACKH3dAvAWywAAAAAASFItA5WHHwAAAAAB4eqVA5WHHwAAAAABuo61AVn3gwAAAAABFR5hAowHwwAAAAADu64JAVn3gwAAAAADgvsZAeqXowAAAAABkXdpAf/vWwAAAAADVePNAdCTfwAAAAADD9fhAlPb4wAAAAAADCQlBxY8AwQAAAAA/V+VAsVAFwQAAAADNO8xANjwBwQAAAAAijt0/i2yfwAAAAADufJ8/tMi0wAAAAACR7bw/GlGGwAAAAACX/zA/7FF8wAAAAADAW6A98tKPwAAAAACh1jS/zqqHwAAAAABg5ai/ylSZwAAAAACTqQbApSyRwAAAAACb5i3AodaiwAAAAAB+HWDAfa6awAAAAABZF2vAjNuAwAAAAAAep47Az2ZxwAAAAABR2kPAIGNewAAAAABuoxHAaLNuwAAAAAAW,14,33,46,74,79,80,98,121,136,158,207,212,216,270,273,314,328,356,358,360,364,456,458,464,561,578,580,596,650,652,653,656,659,694,725,726,767,770,771,802,807,815,816,849,854,864,865,887,893,895,896,913,926,935,,,,,,,,,,,,,,,,,,,,,,,,,,,,,54
34.0,CCN(CC)CCNC(=O)c1cc(Cl)c(N)cc1OC,Inactive,M10779,776t3gAAAAALAAAAAAAAAAAAAAAUAAAAFAAAAIABBwBoAAAAAwECBkAoAAAAAwQGQGgAAAADAwEGQCgAAAADBAgAKAAAAAMCBgBgAAAAAQMGQCgAAAADBAZAaAAAAAMDAQZAKAAAAAMEEQAgAAAAAQYAKAAAAAMECAAoAAAAAwIHAGgAAAADAgEGAGAAAAACAgYAYAAAAAICBwAgAAAAAwYAYAAAAAICBgBgAAAAAQMGAGAAAAACAgYAYAAAAAEDCwABIAECaAwCA2gMAwQgBAUAAwZoDAYHaAwHCGgMAQhoDAgJAAYKIAoLKAIKDCAMDQANDgAODwAPEAAQEQAPEgASEwAUAQYBCAcGAwIXAQAAAAAAAAAAFIEmEsDFIExAAAAAAGizur/FIExAAAAAAJvmhb9/2XlAAAAAAApoYr5/2XlAAAAAAF3+Qz7vyZNAAAAAAGUZgj/vyZNAAAAAAF3+Qz7FIExAAAAAAApoYr5mZh5AAAAAAJvmhb9mZh5AAAAAAGizur8QWOE/AAAAAGUZgj/FIExAAAAAADLmtj9/2XlAAAAAADLmtj9mZh5AAAAAAOY/EEBmZh5AAAAAAEymKkAQWOE/AAAAABlzX0AQWOE/AAAAAH/ZeUCb5oU/AAAAACZTl0Cb5oU/AAAAAH/ZeUBmZh5AAAAAACZTl0BmZh5AAAAAABY=,8,33,50,71,80,128,147,197,230,249,251,253,280,293,294,317,356,366,433,486,512,561,586,620,650,659,667,695,738,807,841,849,875,881,893,910,927,932,946,957,967,,,,,,,,,,,,,,,,,,,,,,,,,,,,,,,,,,,,,,,,,,41
35.0,CCOC(=O)C(CCc1ccccc1)NC(C)C(=O)N1C(C(=O)O)CC2CCCCC21,Inactive,M45707,776t3gAAAAALAAAAAAAAAAAAAAAfAAAAIQAAAIABCABoAAAAAwEBBgAoAAAAAwQIACgAAAADAgYAYAAAAAMBBwAoAAAAAwMGACgAAAADBAgAKAAAAAMCBgBgAAAAAwEHAGAAAAACAQYAYAAAAAMBBgAoAAAAAwQIACgAAAADAggAKAAAAAMCBgBgAAAAAgIGAGAAAAABAwYAYAAAAAICBgBgAAAAAgIGQCgAAAADBAZAaAAAAAMDAQZAaAAAAAMDAQZAaAAAAAMDAQZAaAAAAAMDAQZAaAAAAAMDAQYAYAAAAAEDBgBgAAAAAwEGAGAAAAACAgYAYAAAAAICBgBgAAAAAgIGAGAAAAACAgYAYAAAAAMBBgBgAAAAAgILAAEgAQIoAgEDAAMEAAQFIAUGKAIFBwAHCAAICQAJCgAKCygCCgwgDA0ADQ4ACQ8ADxAAEBEAERJoDBITaAwTFGgMFBVoDBUWaAwRFmgMBxcABBgAGBkAGRoAGhsAGxwAHB0AGB0AHR4AAx4AFAMFAwQYHR4GEhMUFRYRBhkaGxwdGBcBAAAAAAAAAAAfLSGHvw8Ldb8AAAAAgSa6v9v51r8AAAAAat4RwN4C2b8AAAAAyJiDv/KwGMAAAAAA4QtTvmEyHcAAAAAADAKrPqOS6r8AAAAAAd6CPbTIhr8AAAAA3nGSPyuH/r8AAAAAOwG1P+kmMcAAAAAA7loOQC0hO8AAAAAA7uswQB04E8AAAAAAnKIfQEymwr8AAAAAnMRkQGEyHcAAAAAAzqqDQKOS6r8AAAAAJJedQCuH/r8AAAAAnKIfQCUGbcAAAAAA7nxTQGkAd8AAAAAAnMRkQLBylMAAAAAApU6MQNJvmcAAAAAATfOUQHxhssAAAAAAzqqDQNZWxsAAAAAA7nxTQOJYwcAAAAAAnDNCQDhnqMAAAAAA3pPXP8Sxrr8AAAAA46WbvO2eUMAAAAAAeAs0P5YhasAAAAAAfh04P2B2j8AAAAAAF7dRPM4ZncAAAAAAy6E1v3lYkMAAAAAA0LM5v8nla8AAAAAAT6+sv8pUScAAAAAAFg==,1,4,21,33,42,51,64,80,97,108,128,139,145,147,153,175,214,219,255,268,276,283,294,301,356,370,389,407,428,476,500,531,559,573,585,650,665,695,698,726,730,736,739,794,807,808,849,890,893,926,935,979,989,1019,,,,,,,,,,,,,,,,,,,,,,,,,,,,,54
36.0,COc1cc(N)c(Cl)cc1C(=O)NC1CCN(CCCOc2ccc(F)cc2)CC1OC,Inactive,M1850,776t3gAAAAALAAAAAAAAAAAAAAAgAAAAIgAAAIABBwBoAAAAAwECBkAoAAAAAwQGQGgAAAADAwEGQCgAAAADBAgAKAAAAAMCBgBgAAAAAQMGQCgAAAADBAZAaAAAAAMDAQZAKAAAAAMEEQAgAAAAAQYAKAAAAAMECAAoAAAAAwIHAGgAAAADAgEGAGAAAAADAQYAYAAAAAICBgBgAAAAAgIHACAAAAADBgBgAAAAAgIGAGAAAAACAgYAYAAAAAICCAAoAAAAAwIGQCgAAAADBAZAaAAAAAMDAQZAaAAAAAMDAQZAKAAAAAMECQAgAAAAAQZAaAAAAAMDAQZAaAAAAAMDAQYAYAAAAAICBgBgAAAAAwEIACAAAAACBgBgAAAAAQMLAAEgAQJoDAIDaAwDBCAEBQADBmgMBgdoDAcIaAwBCGgMCAkABgogCgsoAgoMIAwNAA0OAA4PAA8QABARABESABITABMUABQVIBUWaAwWF2gMFxhoDBgZABgaaAwaG2gMFRtoDBAcABwdAA0dAB0eAB4fABQDBgEIBwYDAgYODxAcHQ0GFhcYGhsVFwEAAAAAAAAAACCmCqDAZmaePwAAAAB3LYnAMzNTPwAAAAA0omTAZmaePwAAAADV5zbAMzNTPwAAAAB3LQnAZmaePwAAAAAy5ra/MzNTPwAAAADV5zbAAAAAAAAAAAA0omTAMzPTvgAAAAB3LYnAAAAAAAAAAACmCqDAMzPTvgAAAAB3LQnAMzPTvgAAAAAy5ra/AAAAAAAAAAB3LQnAZmaevwAAAAAy5ra/MzPTvwAAAAB56Ta/ZmaevwAAAAAAAAAAMzPTvwAAAAAAAAAAZmYewAAAAAB56TY/zcw4wAAAAAAy5rY/ZmYewAAAAAB3LQlAzcw4wAAAAADV5zZAZmYewAAAAAA0omRAzcw4wAAAAAB3LYlAZmYewAAAAACmCqBAzcw4wAAAAACmCqBAmpltwAAAAADV57ZAAACEwAAAAAB3LYlAAACEwAAAAAA0omRAmpltwAAAAAB56Ta/zcw4wAAAAAAy5ra/ZmYewAAAAAB3LQnAzcw4wAAAAADV5zbAZmYewAAAAAAW,10,13,33,50,71,80,90,102,121,128,147,190,230,237,249,272,280,301,304,317,322,356,366,368,379,386,387,428,433,434,456,486,512,561,642,643,646,650,653,659,688,695,699,718,726,738,739,767,798,807,841,849,869,875,887,893,904,910,926,935,937,946,967,1019,,,,,,,,,,,,,,,,,,,64
37.0,CCN(CC)CCN1C(=O)CN=C(c2ccccc2F)c2cc(Cl)ccc21,Inactive,M10199,776t3gAAAAALAAAAAAAAAAAAAAAbAAAAHQAAAIABBkBoAAAAAwMBBkBoAAAAAwMBBkBoAAAAAwMBBkAoAAAAAwQGQCgAAAADBAkAIAAAAAEGQGgAAAADAwEGACgAAAADBAcAKAAAAAMDBgBgAAAAAgIGACgAAAADBAgAKAAAAAMCBwAoAAAAAwMGQCgAAAADBAZAaAAAAAMDAQZAaAAAAAMDAQZAKAAAAAMEEQAgAAAAAQZAaAAAAAMDAQZAKAAAAAMEBgBgAAAAAgIGAGAAAAACAgcAIAAAAAMGAGAAAAACAgYAYAAAAAEDBgBgAAAAAgIGAGAAAAABAwsAAWgMAQJoDAIDaAwDBGgMBAUABAZoDAAGaAwDByAHCCgCCAkACQoACgsoAgoMIAwNIA0OaAwOD2gMDxBoDBARABASaAwSE2gMBxMgDRNoDAwUABQVABUWABYXABcYABYZABkaABQDBgAGBAMCAQcIBxMNDAoJBg4PEBITDRcBAAAAAAAAAAAbAisLwIhjaUAAAAAAc9fav0GCikAAAAAAbxJjv86IiEAAAAAAGXMHv2N/YUAAAAAArWl+vw3gNUAAAAAAWMoiv9NNBkAAAAAAEoPov07ROUAAAAAAvVKWPiKOXUAAAAAA+MI0P26jhUAAAAAAn83CPwyTiUAAAAAA2hsIQGQ7b0AAAAAAIEE5QMRCgUAAAAAA9igEQOqVOkAAAAAAQBOxP6HWHEAAAAAAdZPIP/W50j8AAAAAvVJ2P9Xnij8AAAAAofgxPrwFqj8AAAAA7Z7cvjhnRD8AAAAAwOwevIV8CEAAAAAA7FEYPzhnLEAAAAAAVOMxQIMvIEAAAAAAVOMxQG3F1j8AAAAAsp1fQKH4oT8AAAAAsp1fQBx84T4AAAAANquGQIqO5DwAAAAANquGQG3F1j8AAAAAZoidQKH4oT8AAAAAFg==,8,33,64,80,121,124,135,165,175,199,216,251,271,294,314,326,352,356,378,413,451,504,561,588,620,624,650,659,699,713,724,726,732,798,816,843,849,875,881,891,904,926,927,932,935,957,962,967,984,,,,,,,,,,,,,,,,,,,,,,,,,,,,,,,,,,49
38.0,NS(=O)(=O)c1cc2c(cc1C(F)(F)F)NC(Cc1ccccc1)NS2(=O)=O,Inactive,M3734,776t3gAAAAALAAAAAAAAAAAAAAAbAAAAHQAAAIABBwBgAAAAAQIQACAAAAAGCAAoAAAAAwIIACgAAAADAgZAKAAAAAMEBkBoAAAAAwMBBkAoAAAAAwQGQCgAAAADBAcAaAAAAAMCAQYAYAAAAAMBBwBgAAAAAgEQACAAAAAGCAAoAAAAAwIIACgAAAADAgYAYAAAAAICBkAoAAAAAwQGQGgAAAADAwEGQGgAAAADAwEGQGgAAAADAwEGQGgAAAADAwEGQGgAAAADAwEGQGgAAAADAwEGQCgAAAADBAYAIAAAAAQJACAAAAABCQAgAAAAAQkAIAAAAAELAAEAAQIIAgEDCAIBBAAEBWgMBQZoDAYHaAwHCCAICQAJCgAKCwAGCwALDAgCCw0IAgkOAA4PAA8QaAwQEWgMERJoDBITaAwTFGgMDxRoDAcVaAwVFmgMBBZoDBYXABcYABcZABcaABQDBgQWFQcGBQYICQoLBgcGEBESExQPFwEAAAAAAAAAABt3LQnAAAAEwAAAAAAy5ra/MzPTvwAAAABlGYK/+FMXwAAAAAD/suu/7nxvvwAAAAB56Ta/ZmaevwAAAAAAAAAAMzPTvwAAAAB56TY/ZmaevwAAAAB56TY/MzPTvgAAAAAy5rY/AAAAgAAAAAB3LQlAMzPTvgAAAAB3LQlAZmaevwAAAAAy5rY/MzPTvwAAAACFfOg/tTcYwAAAAAAmU4U/tTcYwAAAAADV5zZAAAAAgAAAAAA0omRAMzPTvgAAAAB3LYlAAAAAgAAAAACmCqBAMzPTvgAAAACmCqBAZmaevwAAAAB3LYlAMzPTvwAAAAA0omRAZmaevwAAAAAAAAAAAAAAgAAAAAB56Ta/MzPTvgAAAAAy5ra/AAAAAAAAAAB3LQnAMzPTPgAAAAAhsALA308NvwAAAABlGYK/eek2PwAAAAAW,19,42,64,80,83,90,114,147,175,207,227,252,262,266,301,350,356,363,389,392,419,429,432,452,458,469,583,607,625,650,652,691,717,726,730,809,833,840,849,861,865,875,892,904,924,958,1019,,,,,,,,,,,,,,,,,,,,,,,,,,,,,,,,,,,,47
39.0,Cc1cc(C)nc(NS(=O)(=O)c2ccc(N)cc2)n1,Inactive,M448,776t3gAAAAALAAAAAAAAAAAAAAATAAAAFAAAAIABBwBoAAAAAwECBkAoAAAAAwQGQGgAAAADAwEGQGgAAAADAwEGQCgAAAADBAZAaAAAAAMDAQZAaAAAAAMDARAAIAAAAAYIACgAAAADAggAKAAAAAMCBwBoAAAAAwIBBkAoAAAAAwQHQCgAAAADAwZAKAAAAAMEBkBoAAAAAwMBBkAoAAAAAwQHQCgAAAADAwYAYAAAAAEDBgBgAAAAAQMLAAEgAQJoDAIDaAwDBGgMBAVoDAUGaAwBBmgMBAcABwgIAgcJCAIHCgAKCyALDGgMDA1oDA0OaAwOD2gMDxBoDAsQaAwPEQANEgAUAgYBBgUEAwIGDA0ODxALFwEAAAAAAAAAABPV5zZAMzNTvwAAAADV5zZAMzPTvwAAAAA0omRAAAAEwAAAAAA0omRAzcw4wAAAAADV5zZAMzNTwAAAAAB3LQlAzcw4wAAAAAB3LQlAAAAEwAAAAADV5zZAAACEwAAAAAAJGwJAAACEwAAAAACitGtAAACEwAAAAADV5zZAZmaewAAAAAB3LQlAmpmrwAAAAAB3LQlAAADGwAAAAAAy5rY/MzPTwAAAAAB56TY/AADGwAAAAAB56TY/mpmrwAAAAAAy5rY/ZmaewAAAAAAAAACAZmaewAAAAAAy5rY/mpntwAAAAAAW,4,33,53,80,128,144,147,231,246,319,341,350,356,378,433,452,496,502,558,650,698,707,715,726,780,831,849,875,883,888,,,,,,,,,,,,,,,,,,,,,,,,,,,,,,,,,,,,,,,,,,,,,,,,,,,,,30
40.0,O=C(c1ccc(F)cc1)C1CCN(CCn2c(=O)[nH]c3ccccc3c2=O)CC1,Inactive,M2796,776t3gAAAAALAAAAAAAAAAAAAAAdAAAAIAAAAIABB0A4AAAAAwEDBkAoAAAAAwQIACgAAAADAgdAKAAAAAMDBkAoAAAAAwQIACgAAAADAgZAKAAAAAMEBkBoAAAAAwMBBkBoAAAAAwMBBkBoAAAAAwMBBkBoAAAAAwMBBkAoAAAAAwQGAGAAAAACAgYAYAAAAAICBwAgAAAAAwYAYAAAAAICBgBgAAAAAgIGAGAAAAADAQYAKAAAAAMECAAoAAAAAwIGQCgAAAADBAZAaAAAAAMDAQZAaAAAAAMDAQZAKAAAAAMECQAgAAAAAQZAaAAAAAMDAQZAaAAAAAMDAQYAYAAAAAICBgBgAAAAAgILAAFoDAECKAIBA2gMAwRoDAQFKAIEBmgMBgdoDAcIaAwICWgMCQpoDAoLaAwAC2gMBgtoDAMMAAwNAA0OAA4PAA8QABARABESABITKAISFCAUFWgMFRZoDBYXaAwXGAAXGWgMGRpoDBQaaAwRGwAbHAAOHAAUBAYACwYEAwEGBwgJCgsGBg8QERscDgYVFhcZGhQXAQAAAAAAAAAAHTLmtj8zM9O/AAAAAHnpNj9mZp6/AAAAAAAAAAAzM9O/AAAAAHnpNj8zM9O+AAAAADLmtj8AAAAAAAAAADLmtj8zM1M/AAAAAHctCUAzM9O+AAAAANXnNkAAAAAAAAAAADSiZEAzM9O+AAAAADSiZEBmZp6/AAAAANXnNkAzM9O/AAAAAHctCUBmZp6/AAAAAAAAAAAAAAAAAAAAAHnpNr8zM9O+AAAAADLmtr8AAAAAAAAAAHctCcAzM9O+AAAAANXnNsAAAAAAAAAAANXnNsAzM1M/AAAAADSiZMBmZp4/AAAAAHcticAzM1M/AAAAADSiZMAAAARAAAAAAHcticBmZh5AAAAAAHcticAzM1NAAAAAADSiZMCamW1AAAAAADSiZMAzM5FAAAAAANXnNsAzM1NAAAAAANXnNsBmZh5AAAAAAHctCcBmZp4/AAAAADLmtr8zM1M/AAAAABY=,42,64,80,90,119,121,133,175,237,275,301,314,333,356,360,361,386,417,456,458,504,517,549,575,619,646,650,672,673,699,721,726,755,758,759,767,802,807,813,849,885,893,904,926,935,974,987,1019,,,,,,,,,,,,,,,,,,,,,,,,,,,,,,,,,,,48
41.0,CC(C)(C)NCC(O)COc1cccc2c1CCC(=O)N2,Inactive,M6510,776t3gAAAAALAAAAAAAAAAAAAAAVAAAAFgAAAIABCABgAAAAAQEGAGAAAAADAQYAYAAAAAICCAAoAAAAAwIGQCgAAAADBAZAaAAAAAMDAQZAaAAAAAMDAQZAaAAAAAMDAQZAKAAAAAMEBwBoAAAAAwIBBgAoAAAAAwQIACgAAAADAgYAYAAAAAICBgBgAAAAAgIGQCgAAAADBAYAYAAAAAICBwBgAAAAAgEGACAAAAAEBgBgAAAAAQMGAGAAAAABAwYAYAAAAAEDCwABAAECAAIDAAMEIAQFaAwFBmgMBgdoDAcIaAwICSAJCiAKCygCCgwADA0ADQ4ABA5oDAgOaAwBDwAPEAAQEQAREgAREwARFAAUAgYEDggHBgUGCQoMDQ4IFwEAAAAAAAAAABUy5rY/AACEwAAAAAB3LQlAmpltwAAAAAB3LQlAzcw4wAAAAAAy5rY/ZmYewAAAAAAy5rY/MzPTvwAAAAB56TY/ZmaevwAAAAB56TY/MzPTvgAAAAAy5rY/AAAAAAAAAAB3LQlAMzPTvgAAAADV5zZAAAAAAAAAAAA0omRAMzPTvgAAAAB3LYlAAAAAgAAAAAA0omRAZmaevwAAAADV5zZAMzPTvwAAAAB3LQlAZmaevwAAAADV5zZAAACEwAAAAADV5zZAZmaewAAAAAA0omRAmpmrwAAAAAB3LYlAzcy4wAAAAADNO0pAyXbCwAAAAACaCH9AaryUwAAAAAAW,1,15,33,36,64,80,89,90,105,114,118,128,151,215,227,314,329,356,361,386,392,428,430,446,551,554,603,606,622,650,658,695,714,726,807,843,849,918,926,946,958,973,982,988,1014,,,,,,,,,,,,,,,,,,,,,,,,,,,,,,,,,,,,,,45
42.0,Nc1ncnc2c1ccn2C1CC(O)C(CO)O1,Active,M475943,776t3gAAAAALAAAAAAAAAAAAAAASAAAAFAAAAIABCABgAAAAAQEGAGAAAAACAgYAYAAAAAMBCAAgAAAAAgYAYAAAAAMBB0AoAAAAAwMGQGgAAAADAwEGQGgAAAADAwEGQCgAAAADBAZAKAAAAAMEB0AoAAAAAwMGQGgAAAADAwEHQCgAAAADAwZAKAAAAAMEBwBoAAAAAwECBgBgAAAAAgIGAGAAAAADAQgAYAAAAAEBCwABAAECAAIDAAMEAAQFAAUGaAwGB2gMBwhoDAgJaAwJCmgMCgtoDAsMaAwMDWgMBQ1oDAgNaAwJDiAEDwAPEAACEAAQEQAUAwUCAwQPEAUGBQ0IBwYJCgsMDQgXAQAAAAAAAAAAErTI9r4tIZHAAAAAABx8Eb/swG3AAAAAAF8pyz2utk7AAAAAAF8pyz3i6RnAAAAAALhAYj+amQnAAAAAAOzAkT9txa6/AAAAAHBfJz+TqTK/AAAAAOzAkT8j2/m8AAAAALIu9j/zH5K+AAAAALfRKECBJgI+AAAAABWMVkDzH5K+AAAAABWMVkCWIY6/AAAAALfRKEBj7sK/AAAAALIu9j+WIY6/AAAAALfRKEDTvHM/AAAAAJAxrz9IUDTAAAAAALhAYj+aCF/AAAAAAOzAkT++n4jAAAAAABY=,4,77,80,83,147,204,209,222,233,240,255,268,333,344,356,378,428,433,435,439,489,492,498,532,548,577,601,610,656,672,726,740,786,795,807,849,896,897,926,935,1019,,,,,,,,,,,,,,,,,,,,,,,,,,,,,,,,,,,,,,,,,,41
43.0,CC(=O)OCC[N+](C)(C)C,Active,M50441,776t3gAAAAALAAAAAAAAAAAAAAAKAAAACQAAAIABBgBgAAAAAQMGACgAAAADBAgAKAAAAAMCCAAoAAAAAwIGAGAAAAACAgYAYAAAAAICBwAiAAAAAQQGAGAAAAABAwYAYAAAAAEDBgBgAAAAAQMLAAEAAQIoAgEDIAMEAAQFAAUGAAYHAAYIAAYJABQAFwEAAAAAAAAAAAoxmRq/MzNTwAAAAAAxmRq/ZmYewAAAAABVwai/AAAEwAAAAADTTeI9AAAEwAAAAADTTeI9ZmaevwAAAAAzM1M/MzNTvwAAAAAzM1M/AAAAAAAAAAAzM1M/MzNTPwAAAAAzM9M/AAAAgAAAAAAAAAAAAAAAAAAAAAAW,10,11,13,33,80,147,312,319,336,414,428,628,650,695,807,846,893,913,1017,,,,,,,,,,,,,,,,,,,,,,,,,,,,,,,,,,,,,,,,,,,,,,,,,,,,,,,,,,,,,,,,19
44.0,Nc1nc2c(ncn2COCCO)c(=O)[nH]1,Active,M6833,776t3gAAAAALAAAAAAAAAAAAAAAQAAAAEQAAAIABCABgAAAAAQEGAGAAAAACAgYAYAAAAAICCAAgAAAAAgYAYAAAAAICB0AoAAAAAwMGQGgAAAADAwEHQCgAAAADAwZAKAAAAAMEBkAoAAAAAwQHQCgAAAADAwZAKAAAAAMEBwBoAAAAAwECB0A4AAAAAwEDBkAoAAAAAwQIACgAAAADAgsAAQABAgACAwADBAAEBQAFBmgMBgdoDAcIaAwICWgMBQloDAkKaAwKC2gMCwwgCw1oDA0OaAwIDmgMDg8oAhQCBQUGBwgJBgoLDQ4ICRcBAAAAAAAAAAAQ8KeGwCV1Ur8AAAAAgZVfwF8Hnr8AAAAAxtwxwCV1Ur8AAAAAaCIEwF8Hnr8AAAAAFNCsvyV1Ur8AAAAAPL0iv18Hnr8AAAAAeqUMv8KGA8AAAAAACteDPp2ADsAAAAAAH4UrP36Mwb8AAAAA/KnxPd0kZr8AAAAA2/m+PoxK6r0AAAAA9waXP7HhaT0AAAAAzqq3PzSAVz8AAAAALbLdPwRWDr8AAAAAVg69P8iYq78AAAAAxtwBQNcS+r8AAAAAFg==,13,45,71,80,90,147,150,222,314,334,345,351,356,378,428,431,433,473,508,633,650,672,695,696,697,700,701,721,750,774,807,831,849,852,896,932,935,968,,,,,,,,,,,,,,,,,,,,,,,,,,,,,,,,,,,,,,,,,,,,,38
45.0,N=C(N)NCCCCN,Active,M19941,776t3gAAAAALAAAAAAAAAAAAAAAJAAAACAAAAIABBwBoAAAAAwIBBgAoAAAAAwQHAGgAAAADAQIHAGgAAAADAgEGAGAAAAACAgYAYAAAAAICBgBgAAAAAgIGAGAAAAACAgcAYAAAAAECCwABKAIBAiABAyADBAAEBQAFBgAGBwAHCAAUABcBAAAAAAAAAAAJm+aFPzLmtj8AAAAAEFjhP/+y6z8AAAAAEFjhP0ymKkAAAAAAZmYeQDLmtj8AAAAAxSBMQP+y6z8AAAAAf9l5QDLmtj8AAAAA78mTQP+y6z8AAAAAHqeqQDLmtj8AAAAATYTBQP+y6z8AAAAAFg==,58,80,128,140,147,197,427,493,592,623,667,807,816,852,887,894,981,983,,,,,,,,,,,,,,,,,,,,,,,,,,,,,,,,,,,,,,,,,,,,,,,,,,,,,,,,,,,,,,,,,18
46.0,NC12CC3CC(CC(C3)C1)C2,Active,M2031,776t3gAAAAALAAAAAAAAAAAAAAALAAAADQAAAIABBwBgAAAAAQIGACAAAAAEBgBgAAAAAgIGAGAAAAADAQYAYAAAAAICBgBgAAAAAwEGAGAAAAACAgYAYAAAAAMBBgBgAAAAAgIGAGAAAAACAgYAYAAAAAICCwABAAECAAIDAAMEAAQFAAUGAAYHAAcIAAMIAAcJAAEJAAUKAAEKABQEBgIDBAUKAQYCAwgHCQEGBAUGBwgDBgYHCQEKBRcBAAAAAAAAAAAL16Ngv7ADhz4AAAAAPQpXvbADhz4AAAAAQs+GPrFQgz8AAAAAlkODP4y5qz8AAAAAW9PkP7FQgz8AAAAAG54GQLADhz4AAAAAW9PkP2Q7/74AAAAAlkODP2lvUL8AAAAASL+lP7ADhz4AAAAAQs+GPmQ7/74AAAAAlkODP+0NvrsAAAAAFg==,36,147,268,422,675,679,875,886,926,938,952,1009,1019,,,,,,,,,,,,,,,,,,,,,,,,,,,,,,,,,,,,,,,,,,,,,,,,,,,,,,,,,,,,,,,,,,,,,,13
47.0,CCC1C[N+]2(CCCC3(C)N=N3)C3CC45c6ccccc6N(C)C4C2CC1C3C5O,Active,M96515231,776t3gAAAAALAAAAAAAAAAAAAAAeAAAAJAAAAIABCABgAAAAAQEGAGAAAAADAQYAYAAAAAMBBgBgAAAAAwEGAGAAAAACAgYAIAAAAAQGQCgAAAADBAZAaAAAAAMDAQZAaAAAAAMDAQZAaAAAAAMDAQZAaAAAAAMDAQZAKAAAAAMEBwAoAAAAAwMGAGAAAAABAwYAYAAAAAMBBgBgAAAAAwEGAGAAAAACAgYAYAAAAAMBBgBgAAAAAwEGAGAAAAACAgYAYAAAAAEDBgBgAAAAAgIHACIAAAABBAYAYAAAAAICBgBgAAAAAgIGAGAAAAACAgYAIAAAAAQHACgAAAADAwcAKAAAAAMDBgBgAAAAAQMLAAEAAQIAAgMAAwQABAUAAQUABQYABgdoDAcIaAwICWgMCQpoDAoLaAwGC2gMCwwgDA0ADA4ABQ4ADg8ADxAAEBEAAhEAERIAEhMAExQAEhUAFRYAAxYADxYAFhcAFxgAGBkAGRoAGhsAGxwIAhocABodABQIAxsaHAUBAgMEBQUMCwYFDgYHCAkKCwYGEBECAxYPBhAREhUWDwYEBQ4PFgMGEhUWAwIRFwEAAAAAAAAAAB6h1hhABoGtPwAAAADf4BtA0gD+PgAAAACnecc/aW9wPgAAAABVMAJAr5SFvgAAAABPrzhAbAn5PQAAAAAsZT1Afoz5vgAAAAC+n3JAf2r8vgAAAAAwu4lAP8YcPgAAAADc16NAuEACPQAAAAAJiq1Aukk8vwAAAACKH51ARdiwvwAAAAAMAoNAylShvwAAAABokV1ANIDnvwAAAAD8qXFAYVQmwAAAAAD/si9A7C/DvwAAAACASOc/mG7KvwAAAAD/IX0/J6CBvwAAAAD35EE/mN0TvgAAAAAyd80+aytmvwAAAAAi/fa+Fvt7vwAAAAD8qYm/5IO+vgAAAABEi4Q/utrCvwAAAAAawOs/Xf6LvwAAAAAr9h9AFNCUvwAAAACk3xZA+FMHwAAAAADYgcs/aLMawAAAAABB8bs/HOtOwAAAAABTlok/ylR9wAAAAAD4wiQ/7FFQwAAAAAB4CxBAh6dfwAAAAAAW,33,36,64,67,80,121,125,175,226,232,233,246,250,268,271,294,316,356,376,378,380,411,430,436,451,455,484,529,535,575,578,607,622,623,653,668,670,676,679,716,726,741,795,796,807,817,849,854,871,878,887,926,931,935,954,956,959,1019,,,,,,,,,,,,,,,,,,,,,,,,,58
48.0,CN(C)c1ccc(C=Cc2cc[n+](C)cc2)cc1,Active,M2671815,776t3gAAAAALAAAAAAAAAAAAAAASAAAAEwAAAIABBgBoAAAAAwMBBgBoAAAAAwMBBkAoAAAAAwQGQGgAAAADAwEGQGgAAAADAwEHQCoAAAABAwQGQGgAAAADAwEGQGgAAAADAwEGAGAAAAABAwZAKAAAAAMEBkBoAAAAAwMBBkBoAAAAAwMBBkAoAAAAAwQGQGgAAAADAwEGQGgAAAADAwEHACgAAAADAwYAYAAAAAEDBgBgAAAAAQMLAAEuAgUBAAECIAIDaAwDBGgMBAVoDAUGaAwGB2gMAgdoDAUIAAAJIAkKaAwKC2gMCwxoDAwNaAwNDmgMCQ5oDAwPIA8QAA8RABQCBgMEBQYHAgYKCwwNDgkXAQAAAAAAAAAAEnnpNj9mZp6/AAAAADLmtj8zM9O/AAAAADLmtj9mZh7AAAAAAHctCUDNzDjAAAAAAHctCUCamW3AAAAAADLmtj8AAITAAAAAAHnpNj+amW3AAAAAAHnpNj/NzDjAAAAAADLmtj9mZp7AAAAAAHnpNj8zM9O+AAAAAAAAAAAAAAAAAAAAAAAAAAAzM1M/AAAAAHnpNj9mZp4/AAAAADLmtj8zM1M/AAAAADLmtj8AAAAAAAAAAHnpNj8AAARAAAAAAAAAAABmZh5AAAAAADLmtj9mZh5AAAAAABY=,25,33,72,139,145,263,355,356,463,584,673,676,691,694,726,737,816,835,849,878,881,960,1003,1009,,,,,,,,,,,,,,,,,,,,,,,,,,,,,,,,,,,,,,,,,,,,,,,,,,,,,,,,,,,24
49.0,CC[N+](C)(CC)CCNC(=O)c1ccc(N=[N+]=[N-])cc1,Active,M2655010,776t3gAAAAALAAAAAAAAAAAAAAAUAAAAFAAAAIABBwBoAAAAAwIBBgAoAAAAAwQIACgAAAADAgZAKAAAAAMEBkBoAAAAAwMBBkBoAAAAAwMBBkAoAAAAAwQHACgAAAADAwcAKgAAAAECBAcAKgAAAP8DAgZAaAAAAAMDAQZAaAAAAAMDAQYAYAAAAAICBgBgAAAAAgIHACIAAAABBAYAYAAAAAEDBgBgAAAAAgIGAGAAAAABAwYAYAAAAAICBgBgAAAAAQMLAAEgAQIoAgEDIAMEaAwEBWgMBQZoDAYHIAcIKAIICSgCBgpoDAoLaAwDC2gMAAwADA0ADQ4ADg8ADhAAEBEADhIAEhMAFAEGAwsKBgUEFwEAAAAAAAAAABQAAAAAZmYeQAAAAAB56TY/AAAEQAAAAAAy5rY/ZmYeQAAAAAB56TY/ZmaePwAAAAAy5rY/MzNTPwAAAAAy5rY/AAAAgAAAAAB56TY/MzPTvgAAAAB56TY/ZmaevwAAAAAy5rY/MzPTvwAAAAB3LQlAAAAEwAAAAAAAAAAAAAAAAAAAAAAAAAAAMzNTPwAAAAAAAAAAMzNTQAAAAAB56Ta/mpltQAAAAAB56Ta/MzORQAAAAADTTeI9MzORQAAAAAB56Ta/mpmrQAAAAAAy5ra/zcy4QAAAAABWDsW/MzORQAAAAAAj2/m/YhCoQAAAAAAW,8,13,22,33,80,116,128,197,202,265,294,315,356,361,414,425,478,486,487,628,641,650,657,667,673,725,726,740,800,807,814,830,849,893,913,937,962,976,,,,,,,,,,,,,,,,,,,,,,,,,,,,,,,,,,,,,,,,,,,,,38
50.0,CCCCNC(=N)NC(=N)N,Active,M23298,776t3gAAAAALAAAAAAAAAAAAAAALAAAACgAAAIABBwBoAAAAAwIBBgAoAAAAAwQHAGgAAAADAQIHAGgAAAADAgEGACgAAAADBAcAaAAAAAMCAQcAaAAAAAMCAQYAYAAAAAICBgBgAAAAAgIGAGAAAAACAgYAYAAAAAEDCwABKAIBAiABAyADBCAEBSgCBAYgBgcABwgACAkACQoAFAAXAQAAAAAAAAAACzvfP0DekyNAAAAAAJqZbUB3LQlAAAAAAJqZbUBVwag/AAAAAPypjUDekyNAAAAAAFmGpEB3LQlAAAAAAFmGpEBVwag/AAAAAIhju0DekyNAAAAAALhA0kB3LQlAAAAAAOcd6UDekyNAAAAAAET6/0B3LQlAAAAAALprC0HekyNAAAAAABY=,33,80,95,128,140,147,197,294,427,524,591,623,666,667,794,807,852,887,895,921,994,996,,,,,,,,,,,,,,,,,,,,,,,,,,,,,,,,,,,,,,,,,,,,,,,,,,,,,,,,,,,,,22
51.0,C[N+](C)(C)CCO,Active,M50243,776t3gAAAAALAAAAAAAAAAAAAAAHAAAABgAAAIABCABgAAAAAQEGAGAAAAACAgYAYAAAAAICBwAiAAAAAQQGAGAAAAABAwYAYAAAAAEDBgBgAAAAAQMLAAEAAQIAAgMAAwQAAwUAAwYAFAAXAQAAAAAAAAAAB9NN4j0AAATAAAAAANNN4j1mZp6/AAAAADMzUz8zM1O/AAAAADMzUz8AAAAAAAAAADMzUz8zM1M/AAAAADMz0z8AAACAAAAAAAAAAAAAAAAAAAAAABY=,33,80,222,319,336,379,414,473,606,628,807,913,,,,,,,,,,,,,,,,,,,,,,,,,,,,,,,,,,,,,,,,,,,,,,,,,,,,,,,,,,,,,,,,,,,,,,,12
52.0,Nc1nc(Cl)nc2c1ncn2C1CC(O)C(CO)O1,Active,M8806,776t3gAAAAALAAAAAAAAAAAAAAATAAAAFQAAAIABCABgAAAAAQEGAGAAAAACAgYAYAAAAAMBCAAgAAAAAgYAYAAAAAMBB0AoAAAAAwMGQGgAAAADAwEHQCgAAAADAwZAKAAAAAMEBkAoAAAAAwQHQCgAAAADAwZAKAAAAAMEEQAgAAAAAQdAKAAAAAMDBkAoAAAAAwQHAGgAAAADAQIGAGAAAAACAgYAYAAAAAMBCABgAAAAAQELAAEAAQIAAgMAAwQABAUABQZoDAYHaAwHCGgMCAloDAkKaAwKC2gMCwwACw1oDA0OaAwFDmgMCA5oDAkPIAQQABARAAIRABESABQDBQIDBBARBQYFDggHBgkKCw0OCBcBAAAAAAAAAAATtMj2vi0hkcAAAAAAHHwRv+zAbcAAAAAAXynLPa62TsAAAAAAXynLPeLpGcAAAAAAuEBiP5qZCcAAAAAA7MCRP23Frr8AAAAAcF8nP5OpMr8AAAAA7MCRPyPb+bwAAAAAsi72P/Mfkr4AAAAAt9EoQIEmAj4AAAAAFYxWQPMfkr4AAAAAFYxWQJYhjr8AAAAAOiOCQGPuwr8AAAAAt9EoQGPuwr8AAAAAsi72P5Yhjr8AAAAAt9EoQNO8cz8AAAAAkDGvP0hQNMAAAAAAuEBiP5oIX8AAAAAA7MCRP76fiMAAAAAAFg==,4,9,71,80,128,147,185,194,222,233,240,244,268,313,356,378,418,428,433,435,439,492,561,577,601,610,656,659,672,677,700,740,795,807,831,849,896,897,926,930,932,935,1019,,,,,,,,,,,,,,,,,,,,,,,,,,,,,,,,,,,,,,,,43
53.0,CCN1c2ccccc2C=CC1C=C1C=C(C)N=C(c2ccccc2)N1C,Active,M97341058,776t3gAAAAALAAAAAAAAAAAAAAAbAAAAHgAAAIABBgBoAAAAAwMBBgAoAAAAAwQGAGgAAAADAwEGACgAAAADBAcAKAAAAAMDBgAoAAAAAwQHACgAAAADAwYAYAAAAAEDBkAoAAAAAwQGQGgAAAADAwEGQGgAAAADAwEGQGgAAAADAwEGQGgAAAADAwEGQGgAAAADAwEGAGAAAAABAwYAYAAAAAMBBgBoAAAAAwMBBgBoAAAAAwMBBkAoAAAAAwQGQGgAAAADAwEGQGgAAAADAwEGQGgAAAADAwEGQGgAAAADAwEGQCgAAAADBAcAKAAAAAMDBgBgAAAAAgIGAGAAAAABAwsAAS4CBQEAAQIgAgMoAgMEIAQFKAIFBiABBiAGBwAFCCAICWgMCQpoDAoLaAwLDGgMDA1oDAgNaAwDDgAADwAPEAAQESgCERIgEhNoDBMUaAwUFWgMFRZoDBYXaAwSF2gMFxggDxgAGBkAGRoAFAQGAgMEBQYBBgkKCwwNCAYQERIXGA8GExQVFhcSFwEAAAAAAAAAABsAAAAAMzPTvwAAAAB56Ta/ZmaevwAAAAB56Ta/MzPTvgAAAAAy5ra/AAAAgAAAAAB3LQnAMzPTvgAAAAB3LQnAZmaevwAAAAAy5ra/MzPTvwAAAAAy5ra/ZmYewAAAAADV5zbAMzPTvwAAAADV5zbAZmYewAAAAAA0omTAzcw4wAAAAAB3LYnAZmYewAAAAAB3LYnAMzPTvwAAAAA0omTAZmaevwAAAAAy5ra/MzNTPwAAAAB56TY/ZmaevwAAAAB56TY/MzPTvgAAAAAy5rY/AAAAAAAAAAB3LQlAMzPTvgAAAADV5zZAAAAAAAAAAAA0omRAMzPTvgAAAAA0omRAZmaevwAAAADV5zZAMzPTvwAAAAB3LQlAZmaevwAAAAAy5rY/MzPTvwAAAAAy5rY/ZmYewAAAAAB56TY/zcw4wAAAAAAW,33,34,48,59,64,80,84,95,109,121,136,144,160,175,230,271,292,294,334,349,356,378,389,411,424,547,623,639,673,694,698,709,726,736,751,777,794,849,860,861,896,927,935,936,962,987,1019,,,,,,,,,,,,,,,,,,,,,,,,,,,,,,,,,,,,47
54.0,Nc1ccn(C2OC(CO)C(O)C2O)c(=O)n1,Active,M11070,776t3gAAAAALAAAAAAAAAAAAAAARAAAAEgAAAIABCABgAAAAAQEGAGAAAAACAgYAYAAAAAMBCAAgAAAAAgYAYAAAAAMBB0AoAAAAAwMGQGgAAAADAwEGQGgAAAADAwEGQCgAAAADBAdAKAAAAAMDBkAoAAAAAwQIACgAAAADAgcAaAAAAAMBAgYAYAAAAAMBCABgAAAAAQEGAGAAAAADAQgAYAAAAAEBCwABAAECAAIDAAMEAAQFAAUGaAwGB2gMBwhoDAgJaAwJCmgMBQpoDAoLKAIIDCAEDQANDgANDwACDwAPEAAUAgUCAwQNDwYGBwgJCgUXAQAAAAAAAAAAEQAAAAAAAACAAAAAAHnpNj8zM9O+AAAAAHnpNj9mZp6/AAAAABnisD+ad9y/AAAAAIlBkD+wciDAAAAAAL1Szj8CK0vAAAAAAHGsG0ASpUXAAAAAAAu1OkBkXXDAAAAAAJM6JUABTZDAAAAAAEdy4T8oD5PAAAAAAMxdoz+hZ3vAAAAAALpr6T73dYDAAAAAANBEREBYqKXAAAAAAL6fmj6wciDAAAAAAFpkO74CK0vAAAAAABKDQD2ad9y/AAAAAFvTPL8K17u/AAAAABY=,62,75,77,80,119,147,152,210,222,233,314,356,378,424,433,454,463,485,492,498,577,606,610,650,656,726,740,807,820,831,849,863,897,935,1018,1019,,,,,,,,,,,,,,,,,,,,,,,,,,,,,,,,,,,,,,,,,,,,,,,36
55.0,CNCC(O)c1ccc(O)c(O)c1,Active,M10959,776t3gAAAAALAAAAAAAAAAAAAAANAAAADQAAAIABCABoAAAAAwEBBkAoAAAAAwQGQGgAAAADAwEGQGgAAAADAwEGQCgAAAADBAZAaAAAAAMDAQZAKAAAAAMECABoAAAAAwEBBgBgAAAAAwEIAGAAAAABAQYAYAAAAAICBwBgAAAAAgEGAGAAAAABAwsAASABAmgMAgNoDAMEaAwEBWgMBQZoDAEGaAwGByAECAAICQAICgAKCwALDAAUAQYBBgUEAwIXAQAAAAAAAAAADXnpNj8AAARAAAAAAHnpNj9mZp4/AAAAADLmtj8zM1M/AAAAADLmtj8AAACAAAAAAHnpNj8zM9O+AAAAAAAAAAAAAAAAAAAAAAAAAAAzM1M/AAAAAHnpNr9mZp4/AAAAAHnpNj9mZp6/AAAAAAAAAIAzM9O/AAAAADLmtj8zM9O/AAAAADLmtj9mZh7AAAAAAHctCUDNzDjAAAAAABY=,1,33,80,128,227,315,338,341,343,356,406,410,451,578,583,589,606,632,726,760,807,829,844,849,875,971,,,,,,,,,,,,,,,,,,,,,,,,,,,,,,,,,,,,,,,,,,,,,,,,,,,,,,,,,26
56.0,Nc1nc2c(ncn2COC(CO)CO)c(=O)[nH]1,Active,M4625,776t3gAAAAALAAAAAAAAAAAAAAASAAAAEwAAAIABCABgAAAAAQEGAGAAAAACAgYAYAAAAAMBCAAgAAAAAgYAYAAAAAICB0AoAAAAAwMGQGgAAAADAwEHQCgAAAADAwZAKAAAAAMEBkAoAAAAAwQHQCgAAAADAwZAKAAAAAMEBwBoAAAAAwECB0A4AAAAAwEDBkAoAAAAAwQIACgAAAADAgYAYAAAAAICCABgAAAAAQELAAEAAQIAAgMAAwQABAUABQZoDAYHaAwHCGgMCAloDAUJaAwJCmgMCgtoDAsMIAsNaAwNDmgMCA5oDA4PKAICEAAQEQAUAgUFBgcICQYKCw0OCAkXAQAAAAAAAAAAEigPC7/VCSg/AAAAAAn5oL/swHk+AAAAAAn5oL/4whS/AAAAAMZt/L+SXH6/AAAAAMZt/L/jx+i/AAAAAEHxK8BYyg7AAAAAAD0sXMC+n/K/AAAAANiBf8DnjCDAAAAAAHEbZcBFR07AAAAAAI51McBqTUPAAAAAAJYhDsByimrAAAAAAN5xHsCqYI7AAAAAAM079r8u/6HAAAAAAMIXUsCY3ZPAAAAAALprdcAUP4DAAAAAAM6IlMDTvIXAAAAAACgPC7+SXH6/AAAAACgPC7/jx+i/AAAAABY=,1,6,71,80,90,125,147,150,222,314,316,334,345,351,356,378,428,431,433,460,482,508,560,633,650,672,686,695,696,697,700,721,750,774,807,831,849,852,932,935,,,,,,,,,,,,,,,,,,,,,,,,,,,,,,,,,,,,,,,,,,,40
57.0,Cc1ccc(NC(=O)c2ccc(CN3CCN(C)CC3)cc2)cc1Nc1nccc(-c2cccnc2)n1,Active,M5859,776t3gAAAAALAAAAAAAAAAAAAAAlAAAAKQAAAIABBwBoAAAAAwIBBgAoAAAAAwQIACgAAAADAgZAKAAAAAMEBkBoAAAAAwMBBkBoAAAAAwMBBkAoAAAAAwQGQGgAAAADAwEGQGgAAAADAwEGAGAAAAACAgcAIAAAAAMGAGAAAAACAgYAYAAAAAICBwAgAAAAAwYAYAAAAAEDBgBgAAAAAgIGAGAAAAACAgZAKAAAAAMEBkBoAAAAAwMBBkBoAAAAAwMBBkAoAAAAAwQGQCgAAAADBAcAaAAAAAMCAQZAKAAAAAMEB0AoAAAAAwMGQGgAAAADAwEGQGgAAAADAwEGQCgAAAADBAdAKAAAAAMDBkAoAAAAAwQGQGgAAAADAwEHQCgAAAADAwZAaAAAAAMDAQZAaAAAAAMDAQZAaAAAAAMDAQZAaAAAAAMDAQYAYAAAAAEDCwABIAECKAIBAyADBGgMBAVoDAUGaAwGB2gMBwhoDAMIaAwGCQAJCgAKCwALDAAMDQANDgANDwAPEAAKEAAAESAREmgMEhNoDBMUaAwUFWgMFRYgFhcgFxhoDBgZaAwZGmgMGhtoDBscaAwXHGgMGx0gHR5oDB4faAwfIGgMICFoDCEiaAwdImgMFSNoDBEjaAwUJAAUBQYEBQYHCAMGCwwNDxAKBhITFBUjEQYYGRobHBcGHh8gISIdFwEAAAAAAAAAACXV57ZAZmaewAAAAACmCqBAmpmrwAAAAAB3LYlAZmaewAAAAACmCqBAAADGwAAAAADV57ZAMzPTwAAAAADV57ZAmpntwAAAAACmCqBAzcz6wAAAAAB3LYlAmpntwAAAAAB3LYlAMzPTwAAAAACmCqBAmpkKwQAAAAB3LYlAMzMRwQAAAAB3LYlAZmYewQAAAAA0omRAAAAlwQAAAADV5zZAZmYewQAAAAB3LQlAAAAlwQAAAADV5zZAMzMRwQAAAAA0omRAmpkKwQAAAADV57ZAAACEwAAAAACmCqBAmpltwAAAAACmCqBAzcw4wAAAAADV57ZAZmYewAAAAAAzxM1Azcw4wAAAAABioeRAZmYewAAAAABioeRAMzPTvwAAAAAzxM1AZmaevwAAAAAzxM1AMzPTvgAAAABioeRAAAAAAAAAAACRfvtAMzPTvgAAAACRfvtAZmaevwAAAADgLQlBAAAAgAAAAADgLQlBMzNTPwAAAAAPnBRBZmaePwAAAACmCiBBMzNTPwAAAACmCiBBAAAAgAAAAAAPnBRBMzPTvgAAAAAzxM1AmpltwAAAAADV57ZAMzPTvwAAAAAW,14,19,33,61,64,74,80,121,128,136,184,191,200,207,212,257,310,356,361,367,378,399,428,437,456,458,486,491,511,541,555,558,562,579,641,650,658,659,667,673,698,726,730,736,741,747,767,771,784,787,792,795,807,831,842,843,849,875,893,926,932,935,954,980,1012,,,,,,,,,,,,,,,,,,65
58.0,N=C(N)NCc1cccc(I)c1,Active,M182360,776t3gAAAAALAAAAAAAAAAAAAAAMAAAADAAAAIABBwBoAAAAAwIBBgAoAAAAAwQHAGgAAAADAQIHAGgAAAADAgEGAGAAAAACAgZAKAAAAAMEBkBoAAAAAwMBBkBoAAAAAwMBBkBoAAAAAwMBBkAoAAAAAwQ1ACAAAAABBkBoAAAAAwMBCwABKAIBAiABAyADBAAEBQAFBmgMBgdoDAcIaAwICWgMCQoACQtoDAULaAwUAQYFCwkIBwYXAQAAAAAAAAAADHnpNr+amW1AAAAAAAAAAAAzM1NAAAAAAHnpNj+amW1AAAAAAAAAAABmZh5AAAAAAHnpNj8AAARAAAAAAHnpNj9mZp4/AAAAADLmtj8zM1M/AAAAADLmtj8AAACAAAAAAHnpNj8zM9O+AAAAAAAAAAAAAAAAAAAAAHnpNr8zM9O+AAAAAAAAAAAzM1M/AAAAABY=,15,42,64,80,111,122,128,140,147,197,255,356,427,505,549,570,623,661,726,730,755,778,807,849,875,894,947,,,,,,,,,,,,,,,,,,,,,,,,,,,,,,,,,,,,,,,,,,,,,,,,,,,,,,,,27
59.0,CN(C)C(=N)NC(=N)N,Active,M13363,776t3gAAAAALAAAAAAAAAAAAAAAJAAAACAAAAIABBwBoAAAAAwIBBgAoAAAAAwQHAGgAAAADAQIHAGgAAAADAgEGACgAAAADBAcAaAAAAAMCAQcAKAAAAAMDBgBgAAAAAQMGAGAAAAABAwsAASgCAQIgAQMgAwQgBAUoAgQGIAYHAAYIABQAFwEAAAAAAAAAAAld/kO+eek2PwAAAABU4wU/iUGQPwAAAABU4wU/I9v5PwAAAABmZp4/eek2PwAAAAAj2/k/iUGQPwAAAAAj2/k/I9v5PwAAAABMpipAeek2PwAAAACqYFhAiUGQPwAAAABMpipA003ivQAAAAAW,33,80,95,128,139,140,147,155,228,427,623,629,788,807,832,881,996,,,,,,,,,,,,,,,,,,,,,,,,,,,,,,,,,,,,,,,,,,,,,,,,,,,,,,,,,,,,,,,,,,17
60.0,C[n+]1ccc(-c2ccccc2)cc1,Active,M61430,776t3gAAAAALAAAAAAAAAAAAAAANAAAADgAAAIABBkBoAAAAAwMBBkBoAAAAAwMBBkBoAAAAAwMBBkAoAAAAAwQGQGgAAAADAwEGQGgAAAADAwEGQCgAAAADBAZAaAAAAAMDAQZAaAAAAAMDAQdAKgAAAAEDBAZAaAAAAAMDAQZAaAAAAAMDAQYAYAAAAAEDCwABaAwBAmgMAgNoDAMEaAwEBWgMAAVoDAMGIAYHaAwHCGgMCAloDAkKaAwKC2gMBgtoDAkMABQCBgAFBAMCAQYHCAkKCwYXAQAAAAAAAAAADXnpNj9mZp6/AAAAADLmtj8zM9O/AAAAADLmtj9mZh7AAAAAAHnpNj/NzDjAAAAAAAAAAABmZh7AAAAAAAAAAAAzM9O/AAAAAHnpNj+amW3AAAAAADLmtj8AAITAAAAAADLmtj9mZp7AAAAAAHnpNj+amavAAAAAAAAAAIBmZp7AAAAAAAAAAAAAAITAAAAAAHnpNj8AAMbAAAAAABY=,14,33,64,136,175,263,356,389,463,673,691,726,736,816,849,940,1003,,,,,,,,,,,,,,,,,,,,,,,,,,,,,,,,,,,,,,,,,,,,,,,,,,,,,,,,,,,,,,,,,,17
61.0,CC1(CCC[N+]23CCC(CC2)CC3)N=N1,Active,M96521187,776t3gAAAAALAAAAAAAAAAAAAAAPAAAAEQAAAIABBgBgAAAAAQMGACAAAAAEBwAoAAAAAwMHACgAAAADAwYAYAAAAAICBgBgAAAAAgIGAGAAAAACAgcAIgAAAAEEBgBgAAAAAgIGAGAAAAACAgYAYAAAAAMBBgBgAAAAAgIGAGAAAAACAgYAYAAAAAICBgBgAAAAAgILAAEAAQIAAgMIAgEDAAEEAAQFAAUGAAYHAAcIAAgJAAkKAAoLAAsMAAcMAAoNAA0OAAcOABQEAwIBAwYICQoLDAcGCAkKDQ4HBgsMBw4NChcBAAAAAAAAAAAPUwWTvy2yBcAAAAAA6UgevzojLsAAAAAATRWsvr7BX8AAAAAAUwWTv+qVVsAAAAAAgQTFPdO8E8AAAAAAgQTFPQ3gvb8AAAAAe4NPP0ATib8AAAAAe4NPPzbNe74AAAAAgQTFPTGZKj4AAAAAgQTFPX/ZfT8AAAAAe4NPP4y5sz8AAAAAejbDP3/ZfT8AAAAAejbDPzGZKj4AAAAArrZyP0ymWj8AAAAArrZyP/+ymz4AAAAAFg==,33,36,80,184,206,250,273,301,378,411,422,426,447,529,575,578,676,706,741,795,817,887,926,931,941,1019,,,,,,,,,,,,,,,,,,,,,,,,,,,,,,,,,,,,,,,,,,,,,,,,,,,,,,,,,26
62.0,CNC(=O)c1cccnc1,Active,M18863,776t3gAAAAALAAAAAAAAAAAAAAAKAAAACgAAAIABBwBoAAAAAwIBBgAoAAAAAwQIACgAAAADAgZAKAAAAAMEBkBoAAAAAwMBB0AoAAAAAwMGQGgAAAADAwEGQGgAAAADAwEGQGgAAAADAwEGAGAAAAABAwsAASABAigCAQMgAwRoDAQFaAwFBmgMBgdoDAcIaAwDCGgMAAkAFAEGAwgHBgUEFwEAAAAAAAAAAAoy5rY/ZmYeQAAAAAB56TY/AAAEQAAAAAAAAAAAZmYeQAAAAAB56TY/ZmaePwAAAAAy5rY/MzNTPwAAAAAy5rY/AAAAgAAAAAB56TY/MzPTvgAAAAAAAAAAAAAAAAAAAAAAAAAAMzNTPwAAAAAy5rY/MzNTQAAAAAAW,19,33,64,128,345,356,361,378,406,426,437,486,511,557,562,579,650,726,807,842,849,893,930,938,961,,,,,,,,,,,,,,,,,,,,,,,,,,,,,,,,,,,,,,,,,,,,,,,,,,,,,,,,,,25
63.0,C[n+]1ccccc1,Active,M454375,776t3gAAAAALAAAAAAAAAAAAAAAHAAAABwAAAIABBkBoAAAAAwMBBkBoAAAAAwMBBkBoAAAAAwMBB0AqAAAAAQMEBkBoAAAAAwMBBkBoAAAAAwMBBgBgAAAAAQMLAAFoDAECaAwCA2gMAwRoDAQFaAwABWgMAwYAFAEGAAUEAwIBFwEAAAAAAAAAAAd56TY/ZmaePwAAAAAy5rY/MzNTPwAAAAAy5rY/AAAAgAAAAAB56TY/MzPTvgAAAAAAAAAAAAAAAAAAAAAAAAAAMzNTPwAAAAB56TY/ZmaevwAAAAAW,33,64,389,418,463,470,673,691,816,849,1003,,,,,,,,,,,,,,,,,,,,,,,,,,,,,,,,,,,,,,,,,,,,,,,,,,,,,,,,,,,,,,,,,,,,,,,,11
64.0,C=CC1CN2CCC1CC2C(O)c1cc[n+](C)c2ccc(OC)cc12,Active,M97340487,776t3gAAAAALAAAAAAAAAAAAAAAZAAAAHAAAAIABCABgAAAAAQEGAGAAAAADAQZAKAAAAAMEBkBoAAAAAwMBBkBoAAAAAwMBB0AqAAAAAQMEBkAoAAAAAwQGQGgAAAADAwEGQGgAAAADAwEGQCgAAAADBAgAKAAAAAMCBgBgAAAAAQMGQGgAAAADAwEGQCgAAAADBAYAYAAAAAEDBgBgAAAAAwEHACAAAAADBgBgAAAAAgIGAGAAAAACAgYAYAAAAAMBBgBgAAAAAgIGAGAAAAADAQYAaAAAAAMDAQYAaAAAAAMCAgYAYAAAAAICCwABAAECAAIDaAwDBGgMBAVoDAUGaAwGB2gMBwhoDAgJaAwJCiAKCwAJDGgMDA1oDAINaAwGDWgMBQ4AAQ8ADxAAEBEAERIAEhMAExQADxQAExUAFRYAFhcIAhUYABAYABQFBgMEBQYNAgYHCAkMDQYGERITFA8QBhESExUYEAYUDxAYFRMXAQAAAAAAAAAAGU5igD/arPI/AAAAAMPT2z/TvBNAAAAAAMPT2z+giUhAAAAAAE5igD8H8GJAAAAAAE5igD9q3otAAAAAAMPT2z+dEZlAAAAAAECkG0Bq3otAAAAAAJ5eSUCdEZlAAAAAAFkXd0Bq3otAAAAAAFkXd0AH8GJAAAAAANxokkCgiUhAAAAAAAtGqUAH8GJAAAAAAJ5eSUCgiUhAAAAAAECkG0AH8GJAAAAAAMPT2z8DeLNAAAAAAECkG0DarPI/AAAAAJ5eSUDTvBNAAAAAAGsrUkBAE+E/AAAAAGsrUkDarJo/AAAAAJ5eSUDnjCg/AAAAAECkG0BAE4k/AAAAAFkXd0BAE4k/AAAAANxokkDnjCg/AAAAAAtGqUBAE4k/AAAAAFkXd0DarPI/AAAAABY=,1,33,60,102,115,191,214,227,231,237,267,268,298,301,322,326,333,342,343,356,401,421,456,463,468,512,584,585,593,595,607,621,673,687,691,694,695,718,726,739,741,781,807,830,841,849,852,875,926,935,940,948,1003,1019,1022,,,,,,,,,,,,,,,,,,,,,,,,,,,,55
65.0,NCC(O)c1ccc(O)c(O)c1,Active,M16999,776t3gAAAAALAAAAAAAAAAAAAAAMAAAADAAAAIABCABoAAAAAwEBBkAoAAAAAwQGQGgAAAADAwEGQGgAAAADAwEGQCgAAAADBAZAaAAAAAMDAQZAKAAAAAMECABoAAAAAwEBBgBgAAAAAwEIAGAAAAABAQYAYAAAAAICBwBgAAAAAQILAAEgAQJoDAIDaAwDBGgMBAVoDAUGaAwBBmgMBgcgBAgACAkACAoACgsAFAEGAQYFBAMCFwEAAAAAAAAAAAx56TY/AAAEQAAAAAB56TY/ZmaePwAAAAAy5rY/MzNTPwAAAAAy5rY/AAAAgAAAAAB56TY/MzPTvgAAAAAAAAAAAAAAAAAAAAAAAAAAMzNTPwAAAAB56Ta/ZmaePwAAAAB56TY/ZmaevwAAAAAy5rY/MzPTvwAAAAAAAACAMzPTvwAAAAAAAACAZmYewAAAAAAW,1,80,147,227,315,338,341,356,378,410,451,578,583,589,726,760,780,807,829,849,875,885,981,,,,,,,,,,,,,,,,,,,,,,,,,,,,,,,,,,,,,,,,,,,,,,,,,,,,,,,,,,,,23
66.0,CC(=O)OC1CC2CCC3C(CCC4(C)C3CC([N+]3(C)CCCCC3)C4OC(C)=O)C2(C)CC1[N+]1(C)CCCCC1,Active,M3350826,776t3gAAAAALAAAAAAAAAAAAAAApAAAALgAAAIABBgBgAAAAAQMGACgAAAADBAgAKAAAAAMCCAAoAAAAAwIGAGAAAAADAQYAYAAAAAMBBgBgAAAAAgIGAGAAAAADAQYAYAAAAAMBBgBgAAAAAgIGAGAAAAACAgYAYAAAAAMBBgBgAAAAAgIGAGAAAAADAQgAKAAAAAMCBgAoAAAAAwQIACgAAAADAgYAYAAAAAEDBgBgAAAAAwEGAGAAAAACAgYAIAAAAAQGAGAAAAABAwYAYAAAAAMBBgBgAAAAAgIGAGAAAAACAgYAIAAAAAQGAGAAAAABAwcAIgAAAAEEBgBgAAAAAQMGAGAAAAACAgYAYAAAAAICBgBgAAAAAgIGAGAAAAACAgYAYAAAAAICBwAiAAAAAQQGAGAAAAABAwYAYAAAAAICBgBgAAAAAgIGAGAAAAACAgYAYAAAAAICBgBgAAAAAgILAAEAAQIoAgEDIAMEAAQFAAUGAAYHAAcIAAgJAAkKAAoLAAsMAAwNAA0OAA4PIA8QKAIPEQANEgASEwATFAALFAAUFQAUFgAIFgAWFwAXGAAYGQAEGQAHGQAZGgASGwAbHAAbHQAdHgAeHwAfIAAgIQAbIQAFIgAiIwAiJAAkJQAlJgAmJwAnKAAiKAAUBgUEBQYHGQYJCgsUFggGDA0SExQLBhcYGQcIFgYdHh8gIRsGJCUmJygiFwEAAAAAAAAAACm8dBdANs2RwAAAAAD12zdAhet5wAAAAAD2KGxAo5KAwAAAAAAr9iNA3gJJwAAAAAAHX0RA+FMfwAAAAAAtsjVATDfZvwAAAAAsZWFAtvOdvwAAAAAJioVAbcXevwAAAACUh59Agy/MvwAAAAD6fqhAF7dRvwAAAACFfMJARIssvwAAAAAGgdNAaQCnvwAAAAC/fe1Af2qUvwAAAABBgv5ARiXlvwAAAAB9PwxBXI/SvwAAAACZuxBBVn1evwAAAABeuh1Bg1E5vwAAAABYOQhBIR90vgAAAAAJivVAnzwkwAAAAABQjdtAlIctwAAAAADOiMpAMCoFwAAAAACXkMFAidI2wAAAAAAVjLBAJXUOwAAAAADek6dAfh1AwAAAAAAkl41Ac2hJwAAAAACjI3lADwshwAAAAACsHGJAio5QwAAAAABFRwNBAppMwAAAAABeuu9AQxxnwAAAAAA8vQtBBhIkwAAAAAB3vhhBFR0twAAAAAAjSh1BIbBewAAAAAAs1BRBPZuDwAAAAADy0gdBayt+wAAAAAAxCARAbVa1vwAAAAC9Uh5A2IEzvwAAAABE+vU/IbAOwAAAAABz15I/L90gwAAAAADzjgM/7Q3+vwAAAAAwuyc/GQSWvwAAAACwA7c/ak1jvwAAAAAW,2,4,5,11,33,36,71,81,102,105,138,161,187,201,250,268,301,321,324,426,442,453,468,507,519,521,522,528,529,575,606,622,632,650,670,679,695,721,783,798,807,893,895,926,927,948,956,967,999,1017,1019,,,,,,,,,,,,,,,,,,,,,,,,,,,,,,,,51
67.0,N=C(N)c1ccc(OCCCCCOc2ccc(C(=N)N)cc2)cc1,Active,M12842,776t3gAAAAALAAAAAAAAAAAAAAAZAAAAGgAAAIABBwBoAAAAAwIBBgAoAAAAAwQHAGgAAAADAQIGQCgAAAADBAZAaAAAAAMDAQZAaAAAAAMDAQZAKAAAAAMECAAoAAAAAwIGAGAAAAACAgYAYAAAAAICBgBgAAAAAgIGAGAAAAACAgYAYAAAAAICCAAoAAAAAwIGQCgAAAADBAZAaAAAAAMDAQZAaAAAAAMDAQZAKAAAAAMEBkBoAAAAAwMBBkBoAAAAAwMBBgAoAAAAAwQHAGgAAAADAgEHAGgAAAADAQIGQGgAAAADAwEGQGgAAAADAwELAAEoAgECIAEDIAMEaAwEBWgMBQZoDAYHIAcIAAgJAAkKAAoLAAsMAAwNAA0OIA4PaAwPEGgMEBFoDBESaAwSE2gMDhNoDBEUIBQVKAIUFiAGF2gMFxhoDAMYaAwUAgYDGBcGBQQGDxAREhMOFwEAAAAAAAAAABkAAAAAmpntwAAAAAAAAAAAMzPTwAAAAAB56Ta/AADGwAAAAAB56TY/AADGwAAAAAB56TY/mpmrwAAAAAAy5rY/ZmaewAAAAAB3LQlAmpmrwAAAAADV5zZAZmaewAAAAAA0omRAmpmrwAAAAAB3LYlAZmaewAAAAACmCqBAmpmrwAAAAADV57ZAZmaewAAAAAAzxM1AmpmrwAAAAABioeRAZmaewAAAAACRfvtAmpmrwAAAAADgLQlBZmaewAAAAAAPnBRBmpmrwAAAAAAPnBRBAADGwAAAAADgLQlBMzPTwAAAAACRfvtAAADGwAAAAACmCiBBMzPTwAAAAAA+eStBAADGwAAAAACmCiBBmpntwAAAAAB3LQlAAADGwAAAAAAy5rY/MzPTwAAAAAAW,10,13,80,82,102,119,140,147,225,322,338,356,361,428,621,623,673,695,718,726,807,849,887,,,,,,,,,,,,,,,,,,,,,,,,,,,,,,,,,,,,,,,,,,,,,,,,,,,,,,,,,,,,23
68.0,N=C(N)NC(=N)NCCc1ccccc1,Active,M4292,776t3gAAAAALAAAAAAAAAAAAAAAPAAAADwAAAIABBwBoAAAAAwIBBgAoAAAAAwQHAGgAAAADAQIHAGgAAAADAgEGACgAAAADBAcAaAAAAAMCAQcAaAAAAAMCAQYAYAAAAAICBgBgAAAAAgIGQCgAAAADBAZAaAAAAAMDAQZAaAAAAAMDAQZAaAAAAAMDAQZAaAAAAAMDAQZAaAAAAAMDAQsAASgCAQIgAQMgAwQgBAUoAgQGIAYHAAcIAAgJAAkKaAwKC2gMCwxoDAwNaAwNDmgMCQ5oDBQBBgkODQwLChcBAAAAAAAAAAAPeek2P5qZbcAAAAAAMua2PwAAhMAAAAAAMua2P2ZmnsAAAAAAdy0JQJqZbcAAAAAA1ec2QAAAhMAAAAAA1ec2QGZmnsAAAAAANKJkQJqZbcAAAAAAdy2JQAAAhMAAAAAApgqgQJqZbcAAAAAA1ee2QAAAhMAAAAAAM8TNQJqZbcAAAAAAYqHkQAAAhMAAAAAAYqHkQGZmnsAAAAAAM8TNQJqZq8AAAAAA1ee2QGZmnsAAAAAAFg==,21,42,64,80,95,128,140,147,175,197,219,356,389,427,483,524,623,666,667,726,730,807,828,849,921,994,996,,,,,,,,,,,,,,,,,,,,,,,,,,,,,,,,,,,,,,,,,,,,,,,,,,,,,,,,27
69.0,CCCNC1CCc2nc(N)sc2C1,Active,M2449,776t3gAAAAALAAAAAAAAAAAAAAAOAAAADwAAAIABBwBoAAAAAwECBkAoAAAAAwQHQCgAAAADAwZAKAAAAAMEBkAoAAAAAwQQQCgAAAADAgYAYAAAAAICBgBgAAAAAwEHAGAAAAACAQYAYAAAAAICBgBgAAAAAgIGAGAAAAABAwYAYAAAAAICBgBgAAAAAgILAAEgAQJoDAIDaAwDBGgMBAVoDAEFaAwEBgAGBwAHCAAICQAJCgAKCwAHDAAMDQADDQAUAgUBAgMEBQYGBwwNAwQXAQAAAAAAAAAADgMJur+TqTK/AAAAANPeIL+TqTK/AAAAAKrxEr5txa6/AAAAACEfJD+WIY6/AAAAACEfJD/zH5K+AAAAAKrxEr4j2/m8AAAAAE2ErT+BJgI+AAAAAIV8BEDzH5K+AAAAAD81MkCBJgI+AAAAAD81MkDTvHM/AAAAAJ7vX0A2q64/AAAAAJ7vX0BoIgxAAAAAAIV8BECWIY6/AAAAAE2ErT9j7sK/AAAAABY=,33,42,80,128,147,162,167,209,231,240,274,277,294,301,324,356,378,433,545,546,600,610,667,675,714,794,812,814,831,866,924,926,960,1002,1019,,,,,,,,,,,,,,,,,,,,,,,,,,,,,,,,,,,,,,,,,,,,,,,,35
70.0,CCCCCC(O)C=CC1C(O)CC(=O)C1CC=CCCCC(=O)O,Active,M12872,776t3gAAAAALAAAAAAAAAAAAAAAZAAAAGQAAAIABCABoAAAAAwEBBgAoAAAAAwQIACgAAAADAgYAYAAAAAICBgBgAAAAAgIGAGAAAAACAgYAaAAAAAMDAQYAaAAAAAMDAQYAYAAAAAICBgBgAAAAAwEGACgAAAADBAgAKAAAAAMCBgBgAAAAAgIGAGAAAAADAQgAYAAAAAEBBgBgAAAAAwEGAGgAAAADAwEGAGgAAAADAwEGAGAAAAADAQgAYAAAAAEBBgBgAAAAAgIGAGAAAAACAgYAYAAAAAICBgBgAAAAAgIGAGAAAAABAwsAASABAigCAQMAAwQABAUABQYABgcOAgUBAAcIAAgJAAkKAAoLCAIKDAAMDQANDgANDwAJDwAPEAAQEQ4CBQEAERIAEhMAEhQAFBUAFRYAFhcAFxgAFAEFCQoMDQ8XAQAAAAAAAAAAGV3+f8A0gFc/AAAAANbFTcDxY4w/AAAAAPvLQsC4r/M/AAAAAHKKJsB2cQs/AAAAANej6L8kuUw/AAAAAMcpmr8SpX0+AAAAAAfw1r5lqgA/AAAAAG/wRT6oV0q9AAAAAKhXej+YblI+AAAAAIofkz+amYE/AAAAADXvGD+pE9A/AAAAAFR0ZL7IB8U/AAAAAGdEgT+PwhVAAAAAAC6Q6D+0yApAAAAAAB+FG0CsHC5AAAAAAMiY8z9Ei6w/AAAAAMKGJ0DufG8/AAAAAMKGJ0DTTeI9AAAAAH0/VUC+n5q+AAAAAH0/VUCJQZC/AAAAAO58gUDTTeI9AAAAAB1amEC+n5q+AAAAAEw3r0DTTeI9AAAAAKkTxkC+n5q+AAAAANjw3EDTTeI9AAAAABY=,1,33,80,86,142,174,189,204,227,231,233,256,259,263,294,314,332,356,370,389,401,420,540,549,575,591,600,628,637,650,656,694,713,717,731,739,775,782,794,796,807,813,849,887,893,922,926,989,1019,,,,,,,,,,,,,,,,,,,,,,,,,,,,,,,,,,49
71.0,CCCCCC(O)C=CC1C(O)CC(O)C1CC=CCCCC(=O)O,Active,M21619,776t3gAAAAALAAAAAAAAAAAAAAAZAAAAGQAAAIABCABoAAAAAwEBBgAoAAAAAwQIACgAAAADAgYAYAAAAAICBgBgAAAAAgIGAGAAAAACAgYAaAAAAAMDAQYAaAAAAAMDAQYAYAAAAAICBgBgAAAAAwEGAGAAAAADAQgAYAAAAAEBBgBgAAAAAgIGAGAAAAADAQgAYAAAAAEBBgBgAAAAAwEGAGgAAAADAwEGAGgAAAADAwEGAGAAAAADAQgAYAAAAAEBBgBgAAAAAgIGAGAAAAACAgYAYAAAAAICBgBgAAAAAgIGAGAAAAABAwsAASABAigCAQMAAwQABAUABQYABgcOAgUBAAcIAAgJAAkKAAoLAAoMAAwNAA0OAA0PAAkPAA8QABARDgIFAQAREgASEwASFAAUFQAVFgAWFwAXGAAUAQUJCgwNDxcBAAAAAAAAAAAZXf5/wDSAVz8AAAAA1sVNwPFjjD8AAAAA+8tCwLiv8z8AAAAAcoomwHZxCz8AAAAA16PovyS5TD8AAAAAxymavxKlfT4AAAAAB/DWvmWqAD8AAAAAb/BFPqhXSr0AAAAAqFd6P5huUj4AAAAAih+TP5qZgT8AAAAANe8YP6kT0D8AAAAAVHRkvsgHxT8AAAAAZ0SBP4/CFUAAAAAALpDoP7TICkAAAAAAH4UbQKwcLkAAAAAAyJjzP0SLrD8AAAAAwoYnQO58bz8AAAAAwoYnQNNN4j0AAAAAfT9VQL6fmr4AAAAAfT9VQIlBkL8AAAAA7nyBQNNN4j0AAAAAHVqYQL6fmr4AAAAATDevQNNN4j0AAAAAqRPGQL6fmr4AAAAA2PDcQNNN4j0AAAAAFg==,1,33,80,86,189,204,226,227,233,256,259,263,268,294,332,389,401,420,540,575,591,600,628,637,650,656,659,668,694,713,721,731,739,775,782,787,794,807,849,887,893,895,922,926,1015,1019,,,,,,,,,,,,,,,,,,,,,,,,,,,,,,,,,,,,,46
72.0,C=CC1CN2CCC1CC2C(O)c1ccnc2ccc(OC)cc12,Active,M6339,776t3gAAAAALAAAAAAAAAAAAAAAYAAAAGwAAAIABCABgAAAAAQEGAGAAAAADAQZAKAAAAAMEBkBoAAAAAwMBBkBoAAAAAwMBB0AoAAAAAwMGQCgAAAADBAZAaAAAAAMDAQZAaAAAAAMDAQZAKAAAAAMECAAoAAAAAwIGAGAAAAABAwZAaAAAAAMDAQZAKAAAAAMEBgBgAAAAAwEHACAAAAADBgBgAAAAAgIGAGAAAAACAgYAYAAAAAMBBgBgAAAAAgIGAGAAAAADAQYAaAAAAAMDAQYAaAAAAAMCAgYAYAAAAAICCwABAAECAAIDaAwDBGgMBAVoDAUGaAwGB2gMBwhoDAgJaAwJCiAKCwAJDGgMDA1oDAINaAwGDWgMAQ4ADg8ADxAAEBEAERIAEhMADhMAEhQAFBUAFRYIAhQXAA8XABQFBgMEBQYNAgYHCAkMDQYGEBESEw4PBhAREhQXDwYTDg8XFBIXAQAAAAAAAAAAGE5igD/arPI/AAAAAMPT2z/TvBNAAAAAAMPT2z+giUhAAAAAAE5igD8H8GJAAAAAAE5igD9q3otAAAAAAMPT2z+dEZlAAAAAAECkG0Bq3otAAAAAAJ5eSUCdEZlAAAAAAFkXd0Bq3otAAAAAAFkXd0AH8GJAAAAAANxokkCgiUhAAAAAAAtGqUAH8GJAAAAAAJ5eSUCgiUhAAAAAAECkG0AH8GJAAAAAAECkG0DarPI/AAAAAJ5eSUDTvBNAAAAAAGsrUkBAE+E/AAAAAGsrUkDarJo/AAAAAJ5eSUDnjCg/AAAAAECkG0BAE4k/AAAAAFkXd0BAE4k/AAAAANxokkDnjCg/AAAAAAtGqUBAE4k/AAAAAFkXd0DarPI/AAAAABY=,1,33,60,73,102,115,191,214,227,231,237,268,301,322,333,342,356,378,390,401,428,456,468,512,584,585,593,595,613,621,629,638,694,695,718,726,739,741,781,787,807,830,841,842,849,852,875,926,935,940,948,961,1019,1022,,,,,,,,,,,,,,,,,,,,,,,,,,,,,54
73.0,COCCn1c2c([n+](Cc3cnccn3)c1C)C(=O)c1ccccc1C2=O,Active,M67242998,776t3gAAAAALAAAAAAAAAAAAAAAbAAAAHgAAAIABBkBoAAAAAwMBB0AoAAAAAwMGQGgAAAADAwEGQCgAAAADBAdAKAAAAAMDBkBoAAAAAwMBBgBgAAAAAgIHQCoAAAABAwQGQCgAAAADBAZAKAAAAAMEBgAoAAAAAwQIACgAAAADAgZAKAAAAAMEBkBoAAAAAwMBBkBoAAAAAwMBBkBoAAAAAwMBBkBoAAAAAwMBBkAoAAAAAwQGACgAAAADBAgAKAAAAAMCB0AoAAAAAwMGQCgAAAADBAYAYAAAAAEDBgBgAAAAAgIGAGAAAAACAggAIAAAAAIGAGAAAAABAwsAAWgMAQJoDAIDaAwDBGgMBAVoDAAFaAwDBgAGBwAHCGgMCAloDAkKIAoLKAIKDCAMDWgMDQ5oDA4PaAwPEGgMEBFoDAwRaAwREiAIEiASEygCCRRoDBQVaAwHFWgMFRYAFBcAFxgAGBkAGRoAFAQGAAUEAwIBBgoMERIICQYNDg8QEQwFFAkIBxUXAQAAAAAAAAAAG1UwykAtQxhAAAAAAF8HwkCTGMw/AAAAAG40qEDdJLY/AAAAAHKKlkB2TwJAAAAAAGiznkBZhjRAAAAAAIiFuEA0gD9AAAAAAABveUA2q+4/AAAAALgeaUAqOoo/AAAAANXnNkAzM1M/AAAAANXnNkAAAAAAAAAAAHctCUAzM9O+AAAAAHctCUBmZp6/AAAAADLmtj8AAACAAAAAAHnpNj8zM9O+AAAAAAAAAIAAAAAAAAAAAAAAAAAzM1M/AAAAAHnpNj9mZp4/AAAAADLmtj8zM1M/AAAAAHctCUBmZp4/AAAAAHctCUAAAARAAAAAALgeaUBBgoK+AAAAAKkThEAzM9M+AAAAABB6nkAzM9M+AAAAAABveUCdEYW/AAAAAHKKlkBTBZu/AAAAAG40qECHFhm/AAAAAF8HwkD0/US/AAAAABY=,1,13,33,47,64,80,81,101,107,121,129,152,175,179,241,289,314,345,352,356,360,378,380,387,428,452,463,486,511,562,579,650,655,664,695,698,724,726,757,802,830,841,842,849,927,935,960,984,1005,,,,,,,,,,,,,,,,,,,,,,,,,,,,,,,,,,49
74.0,NCCc1c[nH]c2ccc(O)cc12,Active,M9542,776t3gAAAAALAAAAAAAAAAAAAAANAAAADgAAAIABCABoAAAAAwEBBkAoAAAAAwQGQGgAAAADAwEGQGgAAAADAwEGQCgAAAADBAdAOAAAAAMBAwZAaAAAAAMDAQZAKAAAAAMEBkAoAAAAAwQGQGgAAAADAwEGAGAAAAACAgYAYAAAAAICBwBgAAAAAQILAAEgAQJoDAIDaAwDBGgMBAVoDAUGaAwGB2gMBwhoDAQIaAwICWgMAQloDAcKAAoLAAsMABQCBgEJCAQDAgUFBAgHBhcBAAAAAAAAAAANOiOCQP5DFkAAAAAAFYxWQDC79z8AAAAAFYxWQJYhjj8AAAAAt9EoQJOpMj8AAAAAsi72P5Yhjj8AAAAA7MCRPwwCWz8AAAAAcF8nP2Puwj8AAAAA7MCRP4MvDEAAAAAAsi72PzC79z8AAAAAt9EoQP5DFkAAAAAAuEBiP2ZmPkAAAAAAS8i3P26jZUAAAAAAuyeXPynti0AAAAAAFg==,80,90,119,144,147,219,289,325,328,332,333,356,364,381,387,476,578,726,728,745,806,807,816,849,855,875,913,915,981,,,,,,,,,,,,,,,,,,,,,,,,,,,,,,,,,,,,,,,,,,,,,,,,,,,,,,29
75.0,NCCCCNCCCN,Active,M19190,776t3gAAAAALAAAAAAAAAAAAAAAKAAAACQAAAIABBwBgAAAAAQIGAGAAAAACAgYAYAAAAAICBgBgAAAAAgIHAGAAAAACAQYAYAAAAAICBgBgAAAAAgIGAGAAAAACAgYAYAAAAAICBwBgAAAAAQILAAEAAQIAAgMAAwQABAUABQYABgcABwgACAkAFAAXAQAAAAAAAAAACoEmEkB3LQlAAAAAADvfP0DekyNAAAAAAJqZbUB3LQlAAAAAAPypjUDekyNAAAAAAFmGpEB3LQlAAAAAAIhju0DekyNAAAAAALhA0kB3LQlAAAAAAOcd6UDekyNAAAAAAET6/0B3LQlAAAAAALprC0HekyNAAAAAABY=,58,80,128,147,298,493,592,667,771,777,816,887,981,1004,,,,,,,,,,,,,,,,,,,,,,,,,,,,,,,,,,,,,,,,,,,,,,,,,,,,,,,,,,,,,,,,,,,,,14
76.0,NCCCNCCCCNCCCN,Active,M17354,776t3gAAAAALAAAAAAAAAAAAAAAOAAAADQAAAIABBwBgAAAAAQIGAGAAAAACAgYAYAAAAAICBgBgAAAAAgIHAGAAAAACAQYAYAAAAAICBgBgAAAAAgIGAGAAAAACAgYAYAAAAAICBwBgAAAAAgEGAGAAAAACAgYAYAAAAAICBgBgAAAAAgIHAGAAAAABAgsAAQABAgACAwADBAAEBQAFBgAGBwAHCAAICQAJCgAKCwALDAAMDQAUABcBAAAAAAAAAAAOdEaYQDSiZEAAAAAA0SKvQJoIf0AAAAAAAADGQDSiZEAAAAAAL93cQJoIf0AAAAAAjLnzQDSiZEAAAAAAXksFQZoIf0AAAAAA9bkQQTSiZEAAAAAAjSgcQZoIf0AAAAAAvJYnQTSiZEAAAAAAUwUzQZoIf0AAAAAA63M+QTSiZEAAAAAAGeJJQZoIf0AAAAAAsVBVQTSiZEAAAAAASL9gQZoIf0AAAAAAFg==,80,128,147,298,493,592,667,771,777,816,887,981,1004,,,,,,,,,,,,,,,,,,,,,,,,,,,,,,,,,,,,,,,,,,,,,,,,,,,,,,,,,,,,,,,,,,,,,,13
77.0,CCCC[N+](CCCC)(CCCC)CCCC,Active,M57220,776t3gAAAAALAAAAAAAAAAAAAAARAAAAEAAAAIABBgBgAAAAAQMGAGAAAAACAgYAYAAAAAICBgBgAAAAAgIHACIAAAABBAYAYAAAAAICBgBgAAAAAgIGAGAAAAACAgYAYAAAAAEDBgBgAAAAAgIGAGAAAAACAgYAYAAAAAICBgBgAAAAAQMGAGAAAAACAgYAYAAAAAICBgBgAAAAAgIGAGAAAAABAwsAAQABAgACAwADBAAEBQAECQAEDQAFBgAGBwAHCAAJCgAKCwALDAANDgAODwAPEAAUABcBAAAAAAAAAAARMua2v3/ZeUAAAAAAeek2vxlzX0AAAAAAeek2v0ymKkAAAAAAAAAAgOY/EEAAAAAAAAAAgDLmtj8AAAAAAAAAgDGZGj8AAAAAeek2v13+Qz4AAAAAeek2v5wzIr8AAAAAAAAAgJvmhb8AAAAAMzNTvzLmtj8AAAAAZmaev3npNj8AAAAAAAAEwHnpNj8AAAAAZmYewDLmtj8AAAAAMzNTPzLmtj8AAAAAZmaeP3npNj8AAAAAMzNTPwAAAIAAAAAAAAAAgAAAAIAAAAAAFg==,33,80,117,294,414,420,501,591,763,794,887,913,,,,,,,,,,,,,,,,,,,,,,,,,,,,,,,,,,,,,,,,,,,,,,,,,,,,,,,,,,,,,,,,,,,,,,,12
78.0,CC[N+](CC)(CC)CC,Active,M50549,776t3gAAAAALAAAAAAAAAAAAAAAJAAAACAAAAIABBgBgAAAAAQMGAGAAAAACAgcAIgAAAAEEBgBgAAAAAgIGAGAAAAABAwYAYAAAAAICBgBgAAAAAQMGAGAAAAACAgYAYAAAAAEDCwABAAECAAIDAAMEAAIFAAUGAAIHAAcIABQAFwEAAAAAAAAAAAlMpipAeek2PwAAAAAj2/k/vp+aPgAAAABmZp4/eek2PwAAAABU4wU/iUGQPwAAAABd/kO+eek2PwAAAAAzM9M/Mua2PwAAAABmZp4/dy0JQAAAAAAzM1M/AAAAAAAAAAAAAAAAAAAAAAAAAAAW,33,58,80,116,294,414,419,501,,,,,,,,,,,,,,,,,,,,,,,,,,,,,,,,,,,,,,,,,,,,,,,,,,,,,,,,,,,,,,,,,,,,,,,,,,,8
79.0,CCCC[N+](C)(CCCC)CCCC,Active,M2655022,776t3gAAAAALAAAAAAAAAAAAAAAOAAAADQAAAIABBgBgAAAAAQMGAGAAAAACAgYAYAAAAAICBgBgAAAAAgIHACIAAAABBAYAYAAAAAEDBgBgAAAAAgIGAGAAAAACAgYAYAAAAAICBgBgAAAAAQMGAGAAAAACAgYAYAAAAAICBgBgAAAAAgIGAGAAAAABAwsAAQABAgACAwADBAAEBQAEBgAGBwAHCAAICQAECgAKCwALDAAMDQAUABcBAAAAAAAAAAAOMua2v3/ZeUAAAAAAeek2vxlzX0AAAAAAeek2v0ymKkAAAAAAAAAAgOY/EEAAAAAAAAAAgDLmtj8AAAAAMzNTvzLmtj8AAAAAAAAAgDGZGj8AAAAAeek2v13+Qz4AAAAAMua2vzGZGj8AAAAAdy0JwF3+Qz4AAAAAMzNTPzLmtj8AAAAAZmaeP3npNj8AAAAAMzNTPwAAAAAAAAAAAAAAAAAAAAAAAAAAFg==,33,80,294,414,478,591,628,658,763,794,848,887,913,,,,,,,,,,,,,,,,,,,,,,,,,,,,,,,,,,,,,,,,,,,,,,,,,,,,,,,,,,,,,,,,,,,,,,13
80.0,COc1cc2c3cc1Oc1cc(ccc1O)CC1c4c(cc(OC)c(O)c4Oc4ccc(cc4)CC3N(C)CC2)CC[N+]1(C)C,Active,M1152806,776t3gAAAAALAAAAAAAAAAAAAAAtAAAAMwAAAIABCABoAAAAAwEBBkAoAAAAAwQGQGgAAAADAwEGQGgAAAADAwEGQCgAAAADBAZAaAAAAAMDAQZAKAAAAAMECAAoAAAAAwIGQCgAAAADBAZAaAAAAAMDAQZAKAAAAAMEBkAoAAAAAwQGQGgAAAADAwEGQCgAAAADBAgAKAAAAAMCBgBgAAAAAQMGAGAAAAACAgYAYAAAAAICBwAgAAAAAwYAYAAAAAEDBgBgAAAAAwEGAGAAAAACAgZAKAAAAAMEBkBoAAAAAwMBBkBoAAAAAwMBBkAoAAAAAwQIACgAAAADAgZAKAAAAAMEBkAoAAAAAwQIAGgAAAADAQEGQCgAAAADBAgAKAAAAAMCBgBgAAAAAQMGQGgAAAADAwEGQCgAAAADBAZAKAAAAAMEBgBgAAAAAwEGAGAAAAACAgcAIgAAAAEEBgBgAAAAAQMGAGAAAAABAwYAYAAAAAICBgBgAAAAAgIGQGgAAAADAwEGQGgAAAADAwELAAEgAQJoDAIDaAwDBGgMBAVoDAUGaAwBBmgMBgcgBwggCAloDAkKaAwKC2gMCwxoDAwNaAwIDWgMDQ4gDg8ACxAAEBEAERIAEhMAEhQAChQAFBUAFRYAFhdoDBcYaAwYGWgMGRogGhsgGxxoDBwdIBweaAweHyAfIAAeIWgMISJoDCIjaAwbI2gMIyQAJCUABCUAJCYAJicAJigAJikAKSoAIioAGStoDCssaAwWLGgMFAgGAQYFBAMCBgkKCwwNCAYQERIUCgsGFxgZKywWBhweISIjGwYmKSoiIyQSBwgJChQVFhcYGRobIyQlBAUGEgcICQoUFRYsKxkaGyMkJQQFBhcBAAAAAAAAAAAtpN/WvzVeaj8AAAAA7Q1ev4v9BT8AAAAAiGOVv1MFg74AAAAAgSYivzSiZL8AAAAAYOVQPukmUb8AAAAASnvjPpwzIrwAAAAADws1vXL5Lz8AAAAAiUGAPno2wz8AAAAAHHyBP588/D8AAAAAodbkPx04F0AAAAAAZDsjQAYS/D8AAAAA/BgXQL8OlD8AAAAAk6naP2B2Lz8AAAAAzTuGPxWMkj8AAAAALUNcPgN4gz8AAAAAoIkAv2UZyj8AAAAAP8YwQNiB8z4AAAAACflgQLhAMj8AAAAAGCZ3QP8htT8AAAAAEhSbQF8pwz8AAAAAqFdeQMZtBEAAAAAAs+qLQCSX3z8AAAAA2huUQDPEUT8AAAAAS8inQFafaz4AAAAAXI+kQA4tIr8AAAAAyeWLQNPegL8AAAAATx5uQJLLz78AAAAAsp1DQPCnDsAAAAAA7nxrQJm7MsAAAAAAm+aRQAYSPMAAAAAAI0pjQDMzZ8AAAAAA1JqEQPFjiMAAAAAA5q6FQGiRo8AAAAAAz2YxQLWmecAAAAAAvw4IQOxRWMAAAAAASL8NQE8eIsAAAAAAEoO4P/ypBcAAAAAAM8RhP1r1sb8AAAAA/fY1P636IMAAAAAAUicgvbsnB8AAAAAAV+yvvcBbPMAAAAAAzF0rP6g1VcAAAAAAufyvPzeJccAAAAAAguJvQE8e9r4AAAAA+Q99QFvTnD4AAAAAFg==,2,3,33,77,87,104,121,148,184,202,212,231,233,249,270,288,307,326,331,340,356,368,404,426,451,456,461,475,486,495,512,521,567,575,578,583,607,624,636,649,655,656,668,695,705,706,714,721,726,752,759,779,786,791,807,838,841,849,864,867,875,881,926,935,946,955,997,1013,1019,,,,,,,,,,,,,,69
81.0,NCCc1ccc(O)cc1,Active,M2404,776t3gAAAAALAAAAAAAAAAAAAAAKAAAACgAAAIABCABoAAAAAwEBBkAoAAAAAwQGQGgAAAADAwEGQGgAAAADAwEGQCgAAAADBAZAaAAAAAMDAQZAaAAAAAMDAQYAYAAAAAICBgBgAAAAAgIHAGAAAAABAgsAASABAmgMAgNoDAMEaAwEBWgMBQZoDAEGaAwEBwAHCAAICQAUAQYBBgUEAwIXAQAAAAAAAAAACnnpNj8AAARAAAAAAHnpNj9mZp4/AAAAADLmtj8zM1M/AAAAADLmtj8AAACAAAAAAHnpNj8zM9O+AAAAAAAAAAAAAAAAAAAAAAAAAAAzM1M/AAAAAHnpNj9mZp6/AAAAAAAAAIAzM9O/AAAAAAAAAIBmZh7AAAAAABY=,21,80,144,147,219,289,310,356,578,726,730,745,754,807,816,849,937,981,,,,,,,,,,,,,,,,,,,,,,,,,,,,,,,,,,,,,,,,,,,,,,,,,,,,,,,,,,,,,,,,,18
82.0,Cc1cn(C2CC(N=[N+]=[N-])C(CO)O2)c(=O)[nH]c1=O,Active,M3679,776t3gAAAAALAAAAAAAAAAAAAAATAAAAFAAAAIABCABgAAAAAQEGAGAAAAACAgYAYAAAAAMBCAAgAAAAAgYAYAAAAAMBB0AoAAAAAwMGQGgAAAADAwEGQCgAAAADBAZAKAAAAAMECAAoAAAAAwIHQDgAAAADAQMGQCgAAAADBAgAKAAAAAMCBgBgAAAAAQMGAGAAAAACAgYAYAAAAAMBBwAoAAAAAwMHACoAAAABAgQHACoAAAD/AwILAAEAAQIAAgMAAwQABAUABQZoDAYHaAwHCGgMCAkoAggKaAwKC2gMBQtoDAsMKAIHDQAEDgAODwACDwAPEAAQESgCERIoAhQCBQIDBA4PBgYHCAoLBRcBAAAAAAAAAAATAAAAAAAAAIAAAAAAeek2PzMz074AAAAAeek2P2Zmnr8AAAAAGeKwP5p33L8AAAAAiUGQP7ByIMAAAAAAvVLOPwIrS8AAAAAAcawbQBKlRcAAAAAAC7U6QGRdcMAAAAAAkzolQAFNkMAAAAAA0EREQFiopcAAAAAAR3LhPygPk8AAAAAAzF2jP6Fne8AAAAAAumvpPvd1gMAAAAAAHThvQBfZasAAAAAAvp+aPrByIMAAAAAAEoNAPZp33L8AAAAAW9M8vwrXu78AAAAAveOsv30/AcAAAAAAzF37v3WTJMAAAAAAFg==,4,24,33,80,86,90,130,160,222,262,268,304,314,356,367,377,425,439,445,464,487,492,563,577,605,610,650,656,698,721,725,740,750,758,795,807,814,849,872,896,897,926,935,957,1019,,,,,,,,,,,,,,,,,,,,,,,,,,,,,,,,,,,,,,45
